 State , District , Winner             , Party , Winner % , Winner Votes , Loser               , Party , Loser % , Loser Votes , Population , Turnout % , Margin % , Male % , White % , Black % , Asian % , Native American % , Pacific Islander % , Hispanic % , Median Income , High School Graduates % , College Graduates % 
AK,1,Mary Peltola,D,51.5,131231,Sarah Palin,R,48.5,123321,730000,60.5,3,50.6,65.5,3.5,6.5,15.6,1.2,8.7,75000,91.6,33.6
AL,1,Jerry Carl,R,63.4,144514,Alexander Remrey,L,29.3,66576,718396,40.2,34.1,48.8,68.3,25.4,2.3,0.4,0.1,3.1,60000,88.7,25.5
AL,2,Barry Moore,R,69,137193,Phyllis Harvey-Hall,D,31,61477,718391,39.5,38,48.6,67.2,27.3,2.6,0.3,0.1,4,58000,86,26
AL,3,Mike Rogers,R,65.2,169360,Lin Veasey,D,34.8,90504,718337,40.8,30.4,49.1,66.8,28.1,2.5,0.3,0.1,2.8,62000,89.5,27.5
AL,4,Robert Aderholt,R,83,170514,Rick Neighbors,D,17,35014,718457,40,66,50.3,70.4,25.8,2,0.4,0.1,1.3,55000,87,23.5
AL,5,Dale Strong,R,63.4,189737,Kathy Warner-Stanton,D,36.6,109739,718479,41.3,26.8,48.7,65.2,28.4,2.7,0.3,0.1,3.4,63000,90,29
AL,6,Gary Palmer,R,84.8,232280,Andria Chieffo,L,15.2,41624,718415,39.7,69.6,48.9,68.9,24.5,3,0.2,0.1,3.2,70000,92,33.5
AL,7,Terri Sewell,D,63.8,170408,Beatrice Nichols,R,36.2,96744,718377,38.5,27.6,47.3,32.8,63.9,1.6,0.2,0.1,2.4,52000,85,21
AR,1,Rick Crawford,R,68.2,198654,William Hanson,D,31.8,87432,697000,68.2,36.4,49,70,22,2,0.5,0.1,6,64000,84,28
AR,2,French Hill,R,55.9,176543,Joy Springer,D,44.1,139876,697000,55.9,11.8,49,70,22,2,0.5,0.1,6,65000,88,29
AR,3,Steve Womack,R,64.7,189765,Celeste Williams,D,35.3,103876,697000,64.7,29.4,49,70,22,2,0.5,0.1,6,66000,89,30
AR,4,Bruce Westerman,R,70,201234,William Hanson,D,30,85321,697000,70,40,49,70,22,2,0.5,0.1,6,64000,84,28
AZ,1,David Schweikert,R,50.4,183838,Jevin Hodge,D,49.6,180529,795287,67.5,0.8,49.1,71.4,4.3,3.5,2.7,0.2,28.1,65000,88,32
AZ,2,Eli Crane,R,53.7,159651,Tom O'Halleran,D,46.3,137371,797212,68.1,7.4,49,71.2,4.2,3.4,2.8,0.3,28.3,64000,87.8,31.8
AZ,3,Ruben Gallego,D,76.7,143836,Jeffrey Zink,R,23.3,43756,794124,66.9,53.4,49.2,71.5,4.3,3.6,2.6,0.2,28,66000,88.1,32.1
AZ,4,Greg Stanton,D,56.9,170690,Kelly Cooper,R,43.1,129417,797151,67.4,13.8,49,71.3,4.1,3.5,2.7,0.2,28.2,67000,88.2,32.2
AZ,5,Andy Biggs,R,64.7,213164,Javier Ramos,D,35.3,116278,794853,67.8,29.4,48.9,71.2,4.2,3.4,2.8,0.3,28.3,68000,88.3,32.3
AZ,6,Juan Ciscomani,R,50.5,162741,Kirsten Engel,D,49.5,159589,797126,67.3,1,49.1,71.5,4.3,3.6,2.6,0.2,28,69000,88.1,32.1
AZ,7,Raúl Grijalva,D,63.9,139821,Luis Pozzolo,R,36.1,78842,795312,67.7,27.8,48.9,71.3,4.1,3.5,2.7,0.3,28.2,70000,88.2,32.2
AZ,8,Debbie Lesko,R,55.7,197551,Ginger Sykes Torres,D,44.3,157041,795213,67.5,11.4,49.2,71.4,4.2,3.4,2.8,0.2,28.3,71000,88.3,32.3
AZ,9,Paul Gosar,R,68,173937,Delina DiSanto,D,32,81910,797531,67.9,36,49,71.2,4.3,3.5,2.7,0.3,28,72000,88.1,32.1
CA,1,Doug LaMalfa,R,62.5,192748,Max Steiner,D,37.5,115477,761204,50.6,25,48.7,70.2,12.3,4.8,0.5,0.1,15.2,65000,89.5,32.5
CA,2,Jared Huffman,D,77.4,245896,Dale Mensing,R,22.6,71732,761654,55.4,54.8,49.1,69.8,13.1,4.6,0.6,0.2,14.5,67000,90,33
CA,3,John Garamendi,D,65.6,196724,Tamika Hamilton,R,34.4,103259,761303,53.9,31.2,48.8,71.5,12,5,0.4,0.1,15.6,68000,88.7,31.5
CA,4,Mike Thompson,D,72.9,239108,Matt Brock,R,27.1,88836,761927,54.1,45.8,48.9,70.9,12.8,4.9,0.5,0.2,14.9,69000,89.8,32.8
CA,5,Tom McClintock,R,56.9,199371,Mike Barkley,D,43.1,151021,761479,52.7,13.8,49.2,69.7,13,4.5,0.6,0.1,15.7,64000,89.6,32.6
CA,6,Ami Bera,D,64.7,222564,Tamika Hamilton,R,35.3,121160,761845,56.2,29.4,48.5,70.1,12.7,4.7,0.5,0.1,15.3,66000,89.7,32.7
CA,7,Doris Matsui,D,73.8,191583,Chris Bish,R,26.2,68101,761342,57.8,47.6,49,68.9,13.5,4.9,0.5,0.1,15.1,67000,90.2,33.2
CA,8,Kevin Kiley,R,53.1,165234,Kermit Jones,D,46.9,145879,761944,51.6,6.2,48.6,70,12.4,4.8,0.5,0.1,15,70000,89.9,32.9
CA,9,Josh Harder,D,56.8,184912,Tom Patti,R,43.2,140822,761688,53.2,13.6,49.1,69.5,13.3,5.1,0.6,0.2,14.8,71000,90.1,33.1
CA,10,Mark DeSaulnier,D,77.1,243584,Nisha Sharma,R,22.9,72418,761422,58.4,54.2,48.7,70.3,12.9,4.9,0.5,0.1,15.4,72000,89.4,32.4
CA,11,Nancy Pelosi,D,84.6,275934,Shahid Buttar,D,15.4,50226,761301,60.5,69.2,49.3,69.8,12.5,4.6,0.4,0.2,15.5,73000,90.5,33.5
CA,12,Barbara Lee,D,88.4,225764,Stephen Slauson,R,11.6,29590,761962,59.9,76.8,48.4,70.1,12.6,4.8,0.5,0.1,15.2,74000,90,33
CA,13,John Duarte,R,50.3,172194,Adam Gray,D,49.7,170192,761597,50.3,0.6,48.8,69.9,13.1,5,0.5,0.1,15.3,75000,89.8,32.8
CA,14,Adam Gray,D,51.3,165432,John Duarte,R,48.7,157678,761809,51.1,2.6,49.2,70,12.8,4.7,0.6,0.2,15.1,76000,90.1,33.1
CA,15,Eric Swalwell,D,70.8,243948,Alison Hayden,R,29.2,100476,719254,58.6,41.6,48.9,70.4,13,4.9,0.5,0.1,14.9,77000,89.9,32.9
CA,16,Jim Costa,D,54.9,162487,Michael Maher,R,45.1,133237,761648,53.5,9.8,48.7,70.2,12.3,4.8,0.5,0.1,15.2,65000,89.5,32.5
CA,17,David Valadao,R,51.6,103094,Rudy Salas,D,48.4,96758,761763,50.9,3.2,49.1,69.8,13.1,4.6,0.6,0.2,14.5,67000,90,33
CA,18,Kevin McCarthy,R,67.3,195526,Marisa Wood,D,32.7,95048,761508,54.7,34.6,48.8,71.5,12,5,0.4,0.1,15.6,68000,88.7,31.5
CA,19,Salud Carbajal,D,60.2,156304,Brad Allen,R,39.8,103372,761945,56.8,20.4,48.9,70.9,12.8,4.9,0.5,0.2,14.9,69000,89.8,32.8
CA,20,Mike Garcia,R,56.2,181094,Christy Smith,D,43.8,141075,761392,55.1,12.4,49.2,69.7,13,4.5,0.6,0.1,15.7,64000,89.6,32.6
CA,21,Julia Brownley,D,59.1,162487,Matt Jacobs,R,40.9,112497,761541,56.4,18.2,48.5,70.1,12.7,4.7,0.5,0.1,15.3,66000,89.7,32.7
CA,22,Adam Schiff,D,72.7,198742,Johnny Nalbandian,R,27.3,74763,761731,58,45.4,49,68.9,13.5,4.9,0.5,0.1,15.1,67000,90.2,33.2
CA,23,Tony Cardenas,D,71.9,151208,Angie Valenzuela,R,28.1,59106,761395,57.2,43.8,48.6,70,12.4,4.8,0.5,0.1,15,70000,89.9,32.9
CA,24,Brad Sherman,D,69.8,176308,Mark Reed,R,30.2,76243,761543,56.9,39.6,49.1,69.5,13.3,5.1,0.6,0.2,14.8,71000,90.1,33.1
CA,25,Jimmy Gomez,D,60.7,124805,David Kim,D,39.3,80576,761296,55.7,21.4,48.7,70.3,12.9,4.9,0.5,0.1,15.4,72000,89.4,32.4
CA,26,Nanette Barragan,D,68.9,136748,Paul Jones,R,31.1,61732,761450,54.4,37.8,49.3,69.8,12.5,4.6,0.4,0.2,15.5,73000,90.5,33.5
CA,27,Linda Sanchez,D,63.7,128964,Eric Ching,R,36.3,73468,761529,54,27.4,48.4,70.1,12.6,4.8,0.5,0.1,15.2,74000,90,33
CA,28,Grace Napolitano,D,67.1,164723,Joshua Scott,R,32.9,80564,761604,53.6,34.2,48.8,69.9,13.1,5,0.5,0.1,15.3,75000,89.8,32.8
CA,29,Ted Lieu,D,64.8,150896,Joe Collins,R,35.2,81920,761731,55.8,29.6,49.2,70,12.8,4.7,0.6,0.2,15.1,76000,90.1,33.1
CA,30,Maxine Waters,D,76.5,178264,Omar Navarro,R,23.5,54826,761301,56.2,53,48.9,70.4,13,4.9,0.5,0.1,14.9,77000,89.9,32.9
CA,31,Grace Napolitano,D,67.1,164723,Joshua Scott,R,32.9,80564,761953,53.6,34.2,48.7,70.2,12.3,4.8,0.5,0.1,15.2,65000,89.5,32.5
CA,32,Norma Torres,D,59.6,134985,Mike Cargile,R,40.4,91754,761274,52.1,19.2,49.1,69.8,13.1,4.6,0.6,0.2,14.5,67000,90,33
CA,33,Raul Ruiz,D,59.3,162487,Erin Cruz,R,40.7,111724,761533,55.2,18.6,48.8,71.5,12,5,0.4,0.1,15.6,68000,88.7,31.5
CA,34,Pete Aguilar,D,57.5,175635,Tim Donnelly,R,42.5,129715,761596,54.6,15,48.9,70.9,12.8,4.9,0.5,0.2,14.9,69000,89.8,32.8
CA,35,Jimmy Gomez,D,60.7,124805,David Kim,D,39.3,80576,761529,55.7,21.4,49.2,69.7,13,4.5,0.6,0.1,15.7,64000,89.6,32.6
CA,36,Nanette Barragan,D,68.9,136748,Paul Jones,R,31.1,61732,761703,54.4,37.8,48.5,70.1,12.7,4.7,0.5,0.1,15.3,66000,89.7,32.7
CA,37,Linda Sanchez,D,63.7,128964,Eric Ching,R,36.3,73468,761542,54,27.4,49,68.9,13.5,4.9,0.5,0.1,15.1,67000,90.2,33.2
CA,38,Lucille Roybal-Allard,D,67.1,143126,Ricardo De La Fuente,R,32.9,70234,761395,53.6,34.2,48.6,70,12.4,4.8,0.5,0.1,15,70000,89.9,32.9
CA,39,Mark Takano,D,59.5,129567,Aja Smith,R,40.5,88234,761409,55.3,19,49.1,69.5,13.3,5.1,0.6,0.2,14.8,71000,90.1,33.1
CA,40,Ken Calvert,R,51.8,129567,Will Rollins,D,48.2,120556,761627,56.7,3.6,48.7,70.3,12.9,4.9,0.5,0.1,15.4,72000,89.4,32.4
CA,41,Maxine Waters,D,76.5,178264,Omar Navarro,R,23.5,54826,761738,56.2,53,49.3,69.8,12.5,4.6,0.4,0.2,15.5,73000,90.5,33.5
CA,42,Nanette Barragan,D,70.8,121456,Ernie Andrews,R,29.2,50321,761493,55.8,41.6,48.8,70.1,13,5,0.5,0.1,15.3,75000,89.8,32.8
CA,43,Ted Lieu,D,64.8,150896,James Bradley,R,35.2,81920,761417,55.7,29.6,48.4,69.9,12.6,4.8,0.5,0.1,15.2,74000,90,33
CA,44,Mike Levin,D,53.1,146789,Brian Maryott,R,46.9,129876,761506,56.4,6.2,49.2,70,12.8,4.7,0.6,0.2,15.1,76000,90.1,33.1
CA,45,Darrell Issa,R,56.6,165432,Stephen Houlahan,D,43.4,126785,761629,55.9,13.2,48.9,70.4,13,4.9,0.5,0.1,14.9,77000,89.9,32.9
CA,46,Lou Correa,D,64.2,148523,Christopher Gonzalez,R,35.8,82863,761738,53.6,28.4,48.7,70.2,12.3,4.8,0.5,0.1,15.2,65000,89.5,32.5
CA,47,Katie Porter,D,51.7,175325,Scott Baugh,R,48.3,163929,761628,52.1,3.4,49.1,69.8,13.1,4.6,0.6,0.2,14.5,67000,90,33
CA,48,Mike Levin,D,53.1,146789,Brian Maryott,R,46.9,129876,761524,56.4,6.2,48.8,71.5,12,5,0.4,0.1,15.6,68000,88.7,31.5
CA,49,Darrell Issa,R,56.6,165432,Stephen Houlahan,D,43.4,126785,761629,55.9,13.2,48.9,70.9,12.8,4.9,0.5,0.2,14.9,69000,89.8,32.8
CA,50,Scott Peters,D,59.5,129567,Jim Desmond,R,40.5,88234,761410,55.3,19,49.2,69.7,13,4.5,0.6,0.1,15.7,64000,89.6,32.6
CA,51,Sara Jacobs,D,70.2,143267,Tyler Geffeney,R,29.8,60843,761525,54.4,40.4,48.5,70.1,12.7,4.7,0.5,0.1,15.3,66000,89.7,32.7
CA,52,Juan Vargas,D,67.5,129567,Kim Nam-Yong,R,32.5,62345,761254,54,35,49,68.9,13.5,4.9,0.5,0.1,15.1,67000,90.2,33.2
CO,1,Diana DeGette,D,80.8,234876,Shane Bolling,R,19.2,55765,727211,67.1,61.6,48.7,67.2,4.5,5.8,1.2,0.2,21.6,75000,90.1,39.1
CO,2,Joe Neguse,D,60.7,189765,Charles Winn,R,39.3,122654,727192,67.3,21.4,48.8,67.1,4.6,5.7,1.1,0.2,21.7,76000,90,39
CO,3,Lauren Boebert,R,50.2,152345,Adam Frisch,D,49.8,151234,727216,67,0.4,48.7,67.2,4.5,5.8,1.2,0.2,21.6,77000,90.1,39.1
CO,4,Ken Buck,R,59.3,179876,Ike McCorkle,D,40.7,123456,727203,67.2,18.6,48.8,67.1,4.6,5.7,1.1,0.2,21.7,78000,90,39
CO,5,Doug Lamborn,R,60.6,176543,David Torres,D,39.4,114563,727210,67.1,21.2,48.7,67.2,4.5,5.8,1.2,0.2,21.6,79000,90.1,39.1
CO,6,Jason Crow,D,57.2,185432,Steve House,R,42.8,139876,727189,67.3,14.4,48.8,67.1,4.6,5.7,1.1,0.2,21.7,80000,90,39
CO,7,Ed Perlmutter,D,55.4,176543,Casper Stockham,R,44.6,142876,727198,67.2,10.8,48.7,67.2,4.5,5.8,1.2,0.2,21.6,81000,90.1,39.1
CO,8,Brittany Pettersen,D,56.2,167654,Erik Aadland,R,43.8,131876,727215,67.1,12.4,48.8,67.1,4.6,5.7,1.1,0.2,21.7,82000,90,39
CT,1,John Larson,D,60.1,182321,Mary Fay,R,39.9,120987,721532,61.4,20.2,48.7,76.3,11.2,4.9,0.7,0.1,15.2,78000,91.2,37.3
CT,2,Joe Courtney,D,58.3,154231,Mike France,R,41.7,110876,721654,61.3,16.6,48.6,76.2,11.3,4.8,0.6,0.1,15.3,79000,91.1,37.2
CT,3,Rosa DeLauro,D,57.4,147321,Margaret Streicker,R,42.6,109876,721543,61.2,14.8,48.7,76.3,11.2,4.9,0.7,0.1,15.2,80000,91.2,37.3
CT,4,Jim Himes,D,59.7,169432,Jonathan Riddle,R,40.3,114543,721432,61.1,19.4,48.6,76.2,11.3,4.8,0.6,0.1,15.3,81000,91.1,37.2
CT,5,Jahana Hayes,D,55.9,134321,David Sullivan,R,44.1,106543,721321,61,11.8,48.7,76.3,11.2,4.9,0.7,0.1,15.2,82000,91.2,37.3
DE,1,Lisa Blunt Rochester,D,58,187654,Lee Murphy,R,42,134567,720000,58,16,49,70,21,2,0.5,0.1,6,64000,84,28
FL,1,Matt Gaetz,R,68.1,222823,Rebekah Jones,D,31.9,104416,770034,61.2,36.2,48.9,65.4,15.2,3.9,0.6,0.1,14.9,58000,87.3,28.7
FL,2,Neal Dunn,R,60,193847,Al Lawson,D,40,94026,769852,60.8,20,48.7,64.7,16,4.1,0.5,0.1,14.8,57000,87,28.5
FL,3,Kat Cammack,R,64.9,211439,Adam Christensen,D,35.1,114271,769694,61.5,29.8,49.1,65.8,14.5,4,0.6,0.1,15,59000,86.8,28.9
FL,4,Aaron Bean,R,62.4,185732,Donna Deegan,D,37.6,111968,769521,60.2,24.8,48.8,64.5,15.3,3.8,0.5,0.1,14.9,60000,87.1,29
FL,5,John Rutherford,R,65.8,193829,Monique Worrell,D,34.2,100650,769435,61.8,31.6,49,65.3,15.1,4.2,0.6,0.1,14.7,61000,87.2,29.1
FL,6,Michael Waltz,R,65.2,204983,Nancy Soderberg,D,34.8,109226,769314,62,30.4,49.2,65.7,14.7,4,0.5,0.1,15,62000,87,29.3
FL,7,Cory Mills,R,59.6,187531,Karen Green,D,40.4,127183,769253,61.3,19.2,48.7,65.2,15,4.1,0.6,0.1,14.9,63000,87.1,29.2
FL,8,Bill Posey,R,61.3,196438,Jim Kennedy,D,38.7,123970,769171,61.1,22.6,49.1,65.6,14.8,3.9,0.5,0.1,14.8,64000,87.2,29.1
FL,9,Darren Soto,D,54.3,178294,Scott Franklin,R,45.7,150097,769089,61.7,8.6,48.6,64.9,15.4,4,0.6,0.1,15.1,65000,87,29.4
FL,10,Val Demings,D,63,212837,Jerry Demings,R,37,124888,769014,62.3,26,48.9,65.1,15.1,4.2,0.5,0.1,15,66000,87.1,29.2
FL,11,Daniel Webster,R,56.7,184925,Kurt Kelly,D,43.3,141231,768921,61.6,13.4,49.2,65.5,14.6,4.1,0.6,0.1,14.9,67000,87.2,29.1
FL,12,Gus Bilirakis,R,68.5,194827,Kimberly Walker,D,31.5,89536,768837,61.9,37,48.8,64.8,15.2,4,0.5,0.1,15.1,68000,87,29.3
FL,13,Charlie Crist,D,52.1,173829,Amanda Makki,R,47.9,159948,768746,62.1,4.2,49.1,65.2,14.9,4.1,0.6,0.1,15,69000,87.3,29.4
FL,14,Anna Paulina Luna,R,53,183729,Eric Lynn,D,47,162702,768653,62.2,6,48.7,65.4,15,4.2,0.5,0.1,14.8,70000,87.1,29.2
FL,15,Laurel Lee,R,58.2,192831,Alan Cohn,D,41.8,138187,768564,61.4,16.4,48.8,65,15.3,3.9,0.6,0.1,14.9,71000,87,29.1
FL,16,Vern Buchanan,R,55.5,182347,Jan Schneider,D,44.5,146372,770211,64.2,11,48.9,65.4,15.2,3.9,0.6,0.1,14.9,58000,87.3,28.7
FL,17,Greg Steube,R,64.3,215679,Allen Ellison,D,35.7,119729,769827,65,28.6,48.7,64.7,16,4.1,0.5,0.1,14.8,57000,87,28.5
FL,18,Scott Franklin,R,61.8,174982,Cindy Banyai,D,38.2,108117,770189,61.8,23.6,49.1,65.8,14.5,4,0.6,0.1,15,59000,86.8,28.9
FL,19,Byron Donalds,R,68.9,230965,Cindy Lyn Banyai,D,31.1,104166,770231,66.1,37.8,48.8,64.5,15.3,3.8,0.5,0.1,14.9,60000,87.1,29
FL,20,Mario Díaz-Balart,R,59.8,187434,Christine Alexandria Olivo,D,40.2,125962,770498,63.5,19.6,49,65.3,15.1,4.2,0.6,0.1,14.7,61000,87.2,29.1
FL,21,Carlos Giménez,R,63.1,198231,Robert Asencio,D,36.9,115831,770331,63.8,26.2,49.2,65.7,14.7,4,0.5,0.1,15,62000,87,29.3
FL,22,Maria Elvira Salazar,R,57.8,167892,Annette Taddeo,D,42.2,122423,770114,61.2,15.6,48.7,65.2,15,4.1,0.6,0.1,14.9,63000,87.1,29.2
FL,23,Debbie Wasserman Schultz,D,55.2,153246,Josephus Eggelletion,R,44.8,124319,770253,60.8,10.4,49.1,65.6,14.8,3.9,0.5,0.1,14.8,64000,87.2,29.1
FL,24,Frederica Wilson,D,76,145678,Lavern Spicer,R,24,46226,770195,61.9,52,48.6,64.9,15.4,4,0.6,0.1,15.1,65000,87,29.4
FL,25,Jared Moskowitz,D,57.6,163498,Joe Budd,R,42.4,120288,770321,62.3,15.2,48.9,65.1,15.1,4.2,0.5,0.1,15,66000,87.1,29.2
FL,26,Mario Núñez,D,54.7,141029,Imran Uddin,R,45.3,116726,770134,61.4,9.4,49.2,65.5,14.6,4.1,0.6,0.1,14.9,67000,87.2,29.1
FL,27,Sheila Cherfilus-McCormick,D,74,178023,Dale Holness,R,26,62410,770121,64.5,48,48.8,64.8,15.2,4,0.5,0.1,15.1,68000,87,29.3
FL,28,Lois Frankel,D,62.3,153219,Dan Franzese,R,37.7,92671,770239,62,24.6,49.1,65.2,14.9,4.1,0.6,0.1,15,69000,87.3,29.4
GA,1,Buddy Carter,R,61.7,212345,Joyce Marie Griggs,D,38.3,131298,757132,57.8,23.4,48.5,61.4,32.1,3.8,0.5,0.1,6.1,59000,87.1,30.5
GA,2,Sanford Bishop,D,67.3,190872,Chris West,R,32.7,92654,757264,58.3,34.6,48.7,60.8,33.4,3.6,0.4,0.1,6.4,57000,87.3,30.7
GA,3,Drew Ferguson,R,64.2,167453,Val Almonord,D,35.8,93628,757148,57.2,28.4,48.9,61.7,32.8,3.7,0.5,0.1,6.2,61000,87,30.6
GA,4,Hank Johnson,D,76.3,210987,Angela Stanton-King,R,23.7,65498,757291,59.1,52.6,48.8,60.9,33,3.8,0.4,0.1,6.3,62000,87.2,30.8
GA,5,Nikema Williams,D,85.4,234876,Angela Stanton-King,R,14.6,40123,757182,60.4,70.8,49,61.2,32.9,3.6,0.5,0.1,6.4,63000,87.4,30.9
GA,6,Lucy McBath,D,55.6,178923,Karen Handel,R,44.4,143234,757321,59.6,11.2,49.2,61.5,33.1,3.7,0.4,0.1,6.3,64000,87.1,30.7
GA,7,Rick Allen,R,62.4,198765,Tracy Taylor,D,37.6,120345,757089,57.5,24.8,48.6,61,33.2,3.8,0.5,0.1,6.2,65000,87.3,30.6
GA,8,Austin Scott,R,65.2,184123,Darrius Butler,D,34.8,98234,757214,57.9,30.4,49.1,61.3,33.3,3.6,0.4,0.1,6.1,66000,87.2,30.5
GA,9,Andrew Clyde,R,69.5,165432,Tabitha Johnson-Green,D,30.5,72456,757182,58.6,39,48.7,60.7,33.5,3.7,0.5,0.1,6.3,67000,87.1,30.7
GA,10,Jody Hice,R,62.7,158972,Tabitha Johnson-Green,D,37.3,94456,757289,57.8,25.4,48.9,61.1,33.6,3.8,0.4,0.1,6.4,68000,87.4,30.6
GA,11,Barry Loudermilk,R,60.4,173498,Dana Barrett,D,39.6,113542,757134,58.9,20.8,49.1,61.3,33.8,3.6,0.5,0.1,6.3,69000,87.3,30.8
GA,12,Rick Allen,R,61.3,162345,Tabitha Johnson-Green,D,38.7,102345,757083,57.3,22.6,48.8,60.9,33.9,3.7,0.4,0.1,6.2,70000,87.2,30.7
GA,13,David Scott,D,77.9,189765,Caesar Gonzales,R,22.1,53876,757241,60,55.8,49,61.2,33,3.6,0.5,0.1,6.4,71000,87.1,30.6
GA,14,Marjorie Taylor Greene,R,65.4,203456,Marcus Flowers,D,34.6,107698,757194,58.4,30.8,48.9,61.1,33.1,3.8,0.4,0.1,6.3,72000,87.3,30.5
HI,1,Ed Case,D,63.2,145678,Ron Curtis,R,36.8,84321,697000,63.2,26.4,49,25,2,38,0.2,10,15,80000,91,30
HI,2,Jill Tokuda,D,55,123456,Joe Akana,R,45,101234,697000,55,10,49,25,2,38,0.2,10,15,80000,91,30
IA,1,Randy Feenstra,R,67,186543,J.D. Scholten,D,33,93456,730000,64,34,49.2,90.1,3.1,2.1,0.8,0.1,4.8,65000,92.2,35.2
IA,2,Ashley Hinson,R,55.4,198765,Liz Mathis,D,44.6,158765,730000,63.1,10.8,49.3,90.2,3.2,2.2,0.9,0.1,4.9,66000,92.3,35.3
IA,3,Mariannette Miller-Meeks,R,53.2,176543,Christina Bohannan,D,46.8,154321,730000,62.3,6.4,49.4,90.3,3.3,2.3,1,0.1,5,67000,92.4,35.4
IA,4,Cindy Axne,D,49,165432,Zach Nunn,R,51,171234,730000,61.4,-2,49.5,90.4,3.4,2.4,1.1,0.1,5.1,68000,92.5,35.5
ID,1,Russ Fulcher,R,67.8,198765,Rudy Soto,D,32.2,98765,542704,67.8,35.6,49,89.4,0.4,1,6,0.1,4,54000,91.4,32.4
ID,2,Mike Simpson,R,68.6,178654,Aaron Swisher,D,31.4,87654,542704,68.6,37.2,48.9,88.3,0.4,1,6,0.1,4,55000,91.3,32.3
IL,1,Bobby Rush,D,73.3,210587,Jeffrey Coleman,R,26.7,76634,754232,60.5,46.6,48.3,61.2,18.9,5.7,0.5,0.1,13.8,70000,88.3,34.2
IL,2,Robin Kelly,D,79.1,196275,Christine Benson,R,20.9,51834,753453,62.3,58.2,48.5,60.3,19.4,6,0.6,0.1,13.2,71000,89,34.5
IL,3,Marie Newman,D,50.7,145487,Mike Fricilone,R,49.3,141325,754839,58.1,1.4,48.7,59.4,20,5.8,0.5,0.1,13.6,72000,88.5,34.8
IL,4,Jesús García,D,68.9,165932,James Falakos,R,31.1,74894,754211,64.7,37.8,48.6,61.8,19,5.9,0.5,0.1,13.1,73000,88.9,34.7
IL,5,Mike Quigley,D,70.4,204396,Tom Hanson,R,29.6,85834,754792,65.4,40.8,48.8,60.9,18.7,5.6,0.6,0.1,13.5,74000,88.7,34.3
IL,6,Sean Casten,D,54.6,192573,Jeanne Ives,R,45.4,160238,754311,61.2,9.2,48.9,61.7,19.1,5.8,0.5,0.1,13.4,75000,88.8,34.6
IL,7,Danny K. Davis,D,78.7,176935,Anthony Beckman,R,21.3,47823,754821,64.3,57.4,49.1,62.1,18.6,5.9,0.6,0.1,13.2,76000,89.1,34.9
IL,8,Raja Krishnamoorthi,D,72.6,213847,Preston Nelson,R,27.4,80527,754432,63.5,45.2,48.6,61.4,19.2,5.7,0.5,0.1,13.7,77000,88.6,34.8
IL,9,Jan Schakowsky,D,73.5,190743,Sargis Sangari,R,26.5,68645,754211,63.8,47,48.4,60.2,18.8,5.8,0.6,0.1,13.3,78000,88.7,34.7
IL,10,Brad Schneider,D,68.7,178534,Valerie Ramirez Mukherjee,R,31.3,81234,754738,65.2,37.4,48.5,61,19.3,6,0.5,0.1,13.4,79000,88.9,34.5
IL,11,Bill Foster,D,63.5,204932,Rick Laib,R,36.5,117823,754238,62.1,27,48.9,60.8,18.5,5.7,0.6,0.1,13.3,80000,88.4,34.3
IL,12,Mike Bost,R,60.3,183645,Ray Lenzi,D,39.7,120864,754903,64.9,20.6,48.6,61.3,19,5.9,0.5,0.1,13.5,81000,88.8,34.6
IL,13,Rodney Davis,R,55.2,172834,Betsy Dirksen Londrigan,D,44.8,140129,754032,60.7,10.4,48.7,60.9,18.7,5.6,0.6,0.1,13.2,82000,88.5,34.4
IL,14,Lauren Underwood,D,53.2,194573,Jim Oberweis,R,46.8,171539,754329,62.6,6.4,48.8,61.5,18.9,5.7,0.5,0.1,13.4,83000,88.7,34.7
IL,15,Mary Miller,R,56.4,198473,Erika Harold,D,43.6,153832,754897,63.4,12.8,48.5,61,18.8,5.8,0.6,0.1,13.1,84000,88.6,34.5
IL,16,Adam Kinzinger,R,63.7,203847,Dani Brzozowski,D,36.3,115787,754283,65.1,27.4,48.4,60.5,19,5.9,0.5,0.1,13.3,85000,88.9,34.8
IL,17,Cheri Bustos,D,53.5,179034,Esther Joy King,R,46.5,155805,754129,61.9,7,48.6,61.2,18.9,5.8,0.6,0.1,13.2,86000,88.4,34.4
IN,1,Frank Mrvan,D,52.5,145621,Jennifer-Ruth Green,R,47.5,131485,765432,61.2,5,48.9,85.4,9.3,1.8,0.6,0.1,5.3,60000,89.2,27
IN,2,Rudy Yakym,R,64.2,182543,Paul Steury,D,35.8,101543,765123,61.3,28.4,48.8,85.3,9.4,1.7,0.5,0.1,5.2,61000,89,26.8
IN,3,Jim Banks,R,65.4,214765,Gary Snyder,D,34.6,113546,765321,61.1,30.8,48.9,85.5,9.2,1.9,0.6,0.1,5.4,62000,89.1,27.2
IN,4,James Baird,R,66.7,167890,Roger Day,D,33.3,83521,765234,61.2,33.4,48.8,85.3,9.3,1.8,0.5,0.1,5.3,63000,89,27.1
IN,5,Victoria Spartz,R,60.4,178654,Jeannine Lee Lake,D,39.6,116432,765432,61.4,20.8,48.9,85.4,9.2,1.9,0.6,0.1,5.4,64000,89.1,27
IN,6,Greg Pence,R,68.3,189765,Cynthia Johnson,D,31.7,87892,765123,61.5,36.6,48.8,85.3,9.3,1.8,0.5,0.1,5.3,65000,89,27.2
IN,7,Andre Carson,D,63.8,143876,Christopher Harrold,R,36.2,81432,765321,61.3,27.6,48.9,85.5,9.2,1.9,0.6,0.1,5.4,66000,89.1,27.1
IN,8,Larry Bucshon,R,65.1,198543,Ray McCormick,D,34.9,106543,765234,61.4,30.2,48.8,85.3,9.3,1.8,0.5,0.1,5.3,67000,89,27
IN,9,Trey Hollingsworth,R,60.9,156789,Matthew Fyfe,D,39.1,100654,765432,61.1,21.8,48.9,85.4,9.2,1.9,0.6,0.1,5.4,68000,89.1,27.2
KS,1,Tracey Mann,R,71.2,176543,Jimmy Beard,D,28.8,71234,730000,65,42.4,49.2,82.1,5.1,4.1,1.1,0.1,10.1,65000,92.1,35.2
KS,2,Jake LaTurner,R,58.7,198765,Patrick Schmidt,D,41.3,134567,730000,62.1,17.4,49.3,82.2,5.2,4.2,1.2,0.1,10.2,66000,92.2,35.3
KS,3,Sharice Davids,D,55.1,145634,Amanda Adkins,R,44.9,118543,730000,59.3,10.2,49.4,82.3,5.3,4.3,1.3,0.1,10.3,67000,92.3,35.4
KS,4,Ron Estes,R,63.2,165432,Bob Hernandez,D,36.8,96432,730000,61.4,26.4,49.5,82.4,5.4,4.4,1.4,0.1,10.4,68000,92.4,35.5
KY,1,James Comer,R,74.3,186432,Jimmy Ausbrooks,D,25.7,64532,722936,62.1,48.6,48.5,86.4,8.6,1.2,0.4,0.1,3.4,54000,89,25.2
KY,2,Brett Guthrie,R,70.6,178654,Hank Linderman,D,29.4,74210,723112,62.3,41.2,48.6,86.3,8.7,1.1,0.3,0.1,3.3,55000,89.1,25.3
KY,3,John Yarmuth,D,62.4,198765,Rhonda Palazzo,R,37.6,119876,722543,62.2,24.8,48.5,86.4,8.6,1.2,0.4,0.1,3.4,56000,89,25.2
KY,4,Thomas Massie,R,68.2,167543,Alexandra Owensby,D,31.8,78065,722654,62.1,36.4,48.6,86.3,8.7,1.1,0.3,0.1,3.3,57000,89.1,25.3
KY,5,Harold Rogers,R,84,190876,Matthew Best,D,16,36218,723456,62.4,68,48.5,86.4,8.6,1.2,0.4,0.1,3.4,58000,89,25.2
KY,6,Andy Barr,R,63.4,178654,Geoff Young,D,36.6,103243,722789,62.3,26.8,48.6,86.3,8.7,1.1,0.3,0.1,3.3,59000,89.1,25.3
LA,1,Steve Scalise,R,72.1,210987,Katie Darling,D,27.9,81543,779654,61.7,44.2,49.1,68.2,28.4,2.6,0.6,0.2,3.8,60000,87.2,22.1
LA,2,Troy Carter,D,74.5,201234,Dan Lux,R,25.5,69010,779432,61.8,49,49.2,68.1,28.5,2.5,0.5,0.1,3.7,61000,87.1,22
LA,3,Clay Higgins,R,66.2,167543,Leigha Pate,D,33.8,85543,779543,61.6,32.4,49.1,68.2,28.4,2.6,0.6,0.2,3.8,62000,87.2,22.1
LA,4,Mike Johnson,R,75,187654,Ryan Trundle,D,25,62543,779321,61.7,50,49.2,68.1,28.5,2.5,0.5,0.1,3.7,63000,87.1,22
LA,5,Julia Letlow,R,65.6,201987,Phillip Snowden,D,34.4,105432,779654,61.9,31.2,49.1,68.2,28.4,2.6,0.6,0.2,3.8,64000,87.2,22.1
LA,6,Garret Graves,R,80.5,198654,Demetrius Sumner,D,19.5,48321,779432,61.8,61,49.2,68.1,28.5,2.5,0.5,0.1,3.7,65000,87.1,22
MA,1,Richard Neal,D,72.5,230987,Dean Martilli,R,27.5,87654,735294,61.3,45,48.4,68.3,8.4,6.8,0.2,0.1,15.2,81000,89,43.2
MA,2,Jim McGovern,D,67.3,189765,Jeffrey Sossa-Paquette,R,32.7,92134,735103,61.5,34.6,48.3,68.1,8.5,6.7,0.2,0.1,15.3,80000,88.8,43
MA,3,Lori Trahan,D,70.8,213456,Dean Tran,R,29.2,87965,735201,61.2,41.6,48.5,68.2,8.3,6.8,0.2,0.1,15.1,82000,89.1,43.3
MA,4,Jake Auchincloss,D,62.1,175432,Julie Hall,R,37.9,107654,735409,61.7,24.2,48.6,68.4,8.2,6.9,0.3,0.1,15,83000,89.2,43.4
MA,5,Katherine Clark,D,74.2,234987,Caroline Colarusso,R,25.8,81345,735238,61.4,48.4,48.5,68.3,8.4,6.7,0.2,0.1,15.2,84000,89.3,43.5
MA,6,Seth Moulton,D,65.4,190876,Caroline Colarusso,R,34.6,101234,735112,61.1,30.8,48.4,68.2,8.3,6.8,0.2,0.1,15.1,85000,89.1,43.3
MA,7,Ayanna Pressley,D,87.3,223456,Donnie Palmer,R,12.7,32567,735317,61.6,74.6,48.6,68.4,8.5,6.7,0.3,0.1,15.3,86000,89.2,43.4
MA,8,Stephen Lynch,D,84.6,201234,Bob Burke,R,15.4,36789,735298,61.2,69.2,48.5,68.3,8.4,6.8,0.2,0.1,15.2,87000,89.3,43.5
MA,9,Bill Keating,D,63.7,187654,Jesse Brown,R,36.3,106789,735274,61.5,27.4,48.6,68.2,8.3,6.7,0.2,0.1,15.1,88000,89.1,43.3
MD,1, Andy Harris        , R     ,54.43,"159,673", Heather Mizeur      , D     ,43.13,"126,511",761152,40,11.3,49.2,64.3,28.9,3.2,0.4,0.1,3,"$75,000 ",88,35
MD,2, Dutch Ruppersberger, D     ,59.23,"158,998", Nicolee Ambrose     , R     ,40.63,"109,075",761224,39.5,18.6,48.8,55,33.1,4.5,0.5,0.1,4.2,"$78,000 ",89,37
MD,3, John Sarbanes      , D     ,60.19,"175,514", Yuripzy Morgan      , R     ,39.71,"115,801",761219,41.2,20.6,48.6,53.4,34,5,0.3,0.1,5.2,"$82,000 ",90,40
MD,4, Glenn Ivey         , D     ,90.1,"144,168", Jeff Warner         , R     ,9.65,"15,441",761379,39,80.5,46.7,19.5,69.5,3,0.2,0.1,5,"$85,000 ",91,42
MD,5, Steny Hoyer        , D     ,65.9,"182,478", Chris Palombi       , R     ,33.94,"94,000",761202,40.5,31.9,49.3,48.3,41.2,4.1,0.3,0.1,6.1,"$79,000 ",88.5,38
MD,6, David Trone        , D     ,54.72,"140,295", Neil Parrott        , R     ,45.15,"115,771",761188,39.5,9.6,48.4,65.5,24.5,4,0.4,0.1,4.5,"$83,000 ",90.5,41
MD,7, Kweisi Mfume       , D     ,70.2,"245,760", Scott Collier       , R     ,29.8,"104,220",761272,39,40.4,46.5,17.5,75,2.5,0.3,0.1,4.5,"$76,000 ",87,35.5
MD,8, Jamie Raskin       , D     ,73.8,"275,230", Gregory Coll        , R     ,26.2,"97,560",761240,39.2,47.6,47.5,54,31.5,6,0.2,0.1,6,"$84,000 ",91.5,42.5
ME,1,Chellie Pingree,D,61.2,193456,Jay Allen,R,38.8,123456,697000,61.2,22.4,49,95,1,1,0.5,0,1.5,55000,92,32
ME,2,Jared Golden,D,53,157432,Bruce Poliquin,R,47,139876,697000,53,6,49,95,1,1,0.5,0,1.5,55000,92,32
MI,1,Jack Bergman,R,60.3,198123,Dana Ferguson,D,39.7,130123,769846,59.1,20.6,49,77.4,14.2,3.1,0.8,0.1,4.4,62000,89,32
MI,2,John Moolenaar,R,65.4,210987,Jerry Hilliard,D,34.6,111234,769521,59.6,30.8,48.8,76.8,14.5,3.2,0.9,0.1,4.5,61000,88.5,31.5
MI,3,Hillary Scholten,D,52.5,165432,John Gibbs,R,47.5,149876,769734,60.4,5,49.1,77,14,3.3,0.8,0.1,4.8,63000,89.2,32.2
MI,4,Bill Huizenga,R,63.1,178923,Joseph Alfonso,D,36.9,104765,769854,60.2,26.2,48.9,77.1,14.1,3,0.9,0.1,4.5,64000,89.1,31.9
MI,5,Tim Walberg,R,66.7,189765,Gretchen Driskell,D,33.3,94612,769634,60.3,33.4,48.7,76.9,14.3,3.1,0.8,0.1,4.6,65000,89.3,32.1
MI,6,Debbie Dingell,D,63.5,210876,Jeff Jones,R,36.5,121345,769483,59.8,27,49.2,77,14,3.2,0.8,0.1,4.7,66000,88.9,32
MI,7,Elissa Slotkin,D,51.7,184321,Paul Junge,R,48.3,172436,769792,60.1,3.4,48.8,76.8,14.5,3,0.9,0.1,4.5,67000,89,31.8
MI,8,Dan Kildee,D,53.1,163498,Paul Junge,R,46.9,144998,769521,59.5,6.2,48.9,77.1,14.1,3.1,0.8,0.1,4.6,68000,88.8,32.1
MI,9,Andy Levin,D,59.8,178923,Hank Johnson,R,40.2,120876,769634,60,19.6,49,76.9,14.3,3.3,0.9,0.1,4.5,69000,89.1,31.9
MI,10,Lisa McClain,R,61.2,201987,Kimberly Bizon,D,38.8,128654,769453,59.7,22.4,48.9,77,14.2,3.1,0.8,0.1,4.7,70000,88.7,32
MI,11,Haley Stevens,D,55.7,190765,Eric Esshaki,R,44.3,151234,769589,60.5,11.4,49.1,76.8,14,3,0.9,0.1,4.6,71000,89,32.1
MI,12,Rashida Tlaib,D,72.9,234876,David Dudenhoefer,R,27.1,87234,769432,60.2,45.8,48.8,77.1,14.1,3.2,0.8,0.1,4.5,72000,88.9,31.9
MI,13,Debbie Dingell,D,63.8,201234,David Dudenhoefer,R,36.2,114876,769854,59.8,27.6,49,76.9,14.3,3.1,0.9,0.1,4.7,73000,89.1,32
MN,1,Ilhan Omar,D,63.6,197865,Lacy Johnson,R,36.4,113654,710535,69.8,27.2,49.1,85.2,7.1,4.5,1.5,0.2,2.9,72000,92.1,37
MN,2,Angie Craig,D,50.8,165432,Tyler Kistner,R,49.2,160321,710326,69.7,1.6,49,85.1,7,4.4,1.4,0.1,2.8,73000,92,36.8
MN,3,Dean Phillips,D,55.6,180654,Kendall Qualls,R,44.4,144876,710432,69.9,11.2,49.2,85.2,7.1,4.5,1.5,0.2,2.9,74000,92.1,37
MN,4,Betty McCollum,D,59.9,210987,Gene Rechtzigel,R,40.1,141987,710234,69.8,19.8,49.1,85.1,7,4.4,1.4,0.1,2.8,75000,92,36.8
MN,5,Tom Emmer,R,61.3,198765,Ian Todd,D,38.7,125432,710543,69.7,22.6,49.2,85.2,7.1,4.5,1.5,0.2,2.9,76000,92.1,37
MN,6,Michelle Fischbach,R,66.2,190876,Quinn Nystrom,D,33.8,97543,710432,69.9,32.4,49,85.1,7,4.4,1.4,0.1,2.8,77000,92,36.8
MN,7,Collin Peterson,D,54.2,187543,Michelle Fischbach,R,45.8,158432,710321,69.8,8.4,49.1,85.2,7.1,4.5,1.5,0.2,2.9,78000,92.1,37
MN,8,Pete Stauber,R,56.8,178654,Quinn Nystrom,D,43.2,135432,710654,69.7,13.6,49.2,85.1,7,4.4,1.4,0.1,2.8,79000,92,36.8
MO,1,Cori Bush,D,78.4,234567,Anthony Rogers,R,21.6,64532,748360,65.2,56.8,48.6,74.3,18.6,2.4,0.4,0.1,3.6,60000,89.1,29.1
MO,2,Ann Wagner,R,54.6,176432,Jill Schupp,D,45.4,146543,748312,65,9.2,48.5,74.4,18.5,2.3,0.3,0.1,3.5,61000,89,29
MO,3,Blaine Luetkemeyer,R,66.2,190876,Megan Rezabek,D,33.8,97432,748276,64.9,32.4,48.6,74.3,18.6,2.4,0.4,0.1,3.6,62000,89.1,29.1
MO,4,Vicky Hartzler,R,64.8,158432,Lindsey Simmons,D,35.2,86234,748221,65.1,29.6,48.5,74.4,18.5,2.3,0.3,0.1,3.5,63000,89,29
MO,5,Emanuel Cleaver,D,73.4,213456,Jacob Turk,R,26.6,77234,748253,65.3,46.8,48.6,74.3,18.6,2.4,0.4,0.1,3.6,64000,89.1,29.1
MO,6,Sam Graves,R,67.3,198765,Gena Ross,D,32.7,96432,748278,65.2,39.6,48.5,74.4,18.5,2.3,0.3,0.1,3.5,65000,89,29
MO,7,Billy Long,R,67.6,178654,Sandra Sexton,D,32.4,85764,748230,65.1,35.2,48.6,74.3,18.6,2.4,0.4,0.1,3.6,66000,89.1,29.1
MO,8,Jason Smith,R,73.6,167543,Kathy Ellis,D,26.4,60065,748269,65.3,47.2,48.5,74.4,18.5,2.3,0.3,0.1,3.5,67000,89,29
MS,1,Trent Kelly,R,72.1,178654,Dianne Black,D,27.9,69234,730000,62,44.2,49.2,59.1,36.2,1.2,0.6,0.1,3.8,48000,83.2,24.3
MS,2,Bennie Thompson,D,66,156789,Brian Flowers,R,34,80854,730000,60.5,32,49.3,30.2,67.5,1.1,0.5,0.1,1,40000,82.3,23.4
MS,3,Michael Guest,R,77,198654,Shuwaski Young,D,23,59432,730000,61.8,54,49.4,68.3,28.3,1.3,0.7,0.1,1.3,45000,84.5,25.6
MS,4,Steven Palazzo,R,63.2,165432,Mike Ezell,R,36.8,96234,730000,59.9,26.4,49.5,72.4,24.3,1.2,0.6,0.1,1.4,47000,83.8,24.7
MT,1,Ryan Zinke,R,49.6,105432,Monica Tranel,D,46.4,98765,542704,49.6,3.2,49,89.4,0.4,1,6,0.1,4,54000,91.4,32.4
MT,2,Matt Rosendale,R,58.3,176543,Penny Ronning,D,41.7,125432,542704,58.3,16.6,49,88.3,0.4,1,6,0.1,4,55000,91.3,32.3
NC,1,Greg Murphy,R,61.7,228146,Barbara Gaskins,D,38.3,141691,745670,55,23.4,48.3,68.2,21.3,2.9,1.3,0.2,6.1,57000,89.7,31.2
NC,2,Deborah Ross,D,63.1,194833,Christine Villaverde,R,36.9,113782,745439,53.2,26.2,48.5,67.3,22.2,2.8,1.4,0.1,6.2,59000,90.2,33.1
NC,3,Valerie Foushee,D,68.6,216321,Courtney Geels,R,31.4,98964,745603,52.7,37.2,48.2,68.5,21.1,2.9,1.2,0.2,6.3,60000,91.1,32.9
NC,4,David Price,D,67.5,222532,Jenny Marshall,R,32.5,107108,745432,54.1,35,48.4,67.9,22,2.8,1.3,0.1,6.2,58000,89.9,34.5
NC,5,Virginia Foxx,R,62.9,203213,Denise Adams,D,37.1,119756,745781,54.8,25.8,48.5,68.1,21.9,2.7,1.4,0.2,6.1,59000,90.3,32.7
NC,6,Kathy Manning,D,60.1,176382,Joseph Lee Haywood,R,39.9,117040,745916,53.4,20.2,48.3,67.2,22.3,2.8,1.3,0.1,6.3,57000,90.1,33.4
NC,7,David Rouzer,R,60.9,221943,Charles Graham,D,39.1,142606,745601,55.6,21.8,48.6,68.4,21.2,2.9,1.2,0.2,6.2,60000,90.8,32.2
NC,8,Dan Bishop,R,70.2,210754,Scott Huffman,D,29.8,89603,745900,57.3,40.4,48.4,68.3,21.3,2.7,1.4,0.1,6.1,58000,89.7,32.1
NC,9,Richard Hudson,R,64.5,196723,Pam Genant,D,35.5,108297,745660,56.4,29,48.3,68.4,21.4,2.9,1.3,0.2,6.2,57000,89.8,31.9
NC,10,Patrick McHenry,R,67.4,209876,Pam Keith,D,32.6,101356,745470,55.7,34.8,48.5,68.5,21.1,2.8,1.4,0.1,6.3,59000,90.4,32.5
NC,11,Madison Cawthorn,R,54.5,193457,Jasmine Beach-Ferrara,D,45.5,161540,745682,55,9,48.6,68.3,21,2.9,1.3,0.2,6.2,58000,90.5,32.4
NC,12,Alma Adams,D,72,227435,Michael Lee,R,28,88168,745233,56.2,44,48.2,67.5,22.5,2.7,1.2,0.1,6.1,60000,90.2,33.6
NC,13,Ted Budd,R,67.2,203978,Scott Huffman,D,32.8,99532,745397,54.4,34.4,48.3,67.6,21.2,2.8,1.3,0.2,6.2,57000,90,31.5
NC,14,Dan Bishop,R,70.2,210754,Ralph Tyson,D,29.8,89321,745551,57.3,40.4,48.4,68.3,21.3,2.7,1.4,0.1,6.1,58000,89.9,32.1
ND,1,Kelly Armstrong,R,69,176543,Zach Raknerud,D,31,75432,720000,69,38,49,90,3,1,0.5,0.1,3,66000,89,30
NE,1,Mike Flood,R,60.4,189765,Patty Pansing Brooks,D,39.6,124876,650000,60.4,20.8,49,75.4,7.2,5.1,1.5,0.6,10.1,60000,90,33
NE,2,Don Bacon,R,51.5,198543,Tony Vargas,D,48.5,187654,650000,51.5,3,48.8,75.3,7.3,5.2,1.4,0.5,10,61000,90.1,33.1
NE,3,Adrian Smith,R,78.3,234567,Mark Elworth,L,21.7,56789,650000,78.3,56.6,48.9,75.4,7.2,5.1,1.5,0.6,10.1,62000,90,33
NH,1,Chris Pappas,D,54.3,145321,Matt Mowers,R,45.7,123456,700000,54.3,8.6,48.9,88.4,2.3,1.7,0.5,0.1,47,47000,83.1,31.1
NH,2,Ann McLane Kuster,D,53.3,143210,Robert Burns,R,46.7,125678,700000,53.3,6.6,48.8,88.3,2.2,1.6,0.4,0.1,47.1,48000,83,31
NJ,1,Donald Norcross,D,64.5,156742,Claire Gustafson,R,35.5,86214,744359,60.4,29,48.7,65.4,16.2,9.5,0.6,0.1,18.3,80000,90.2,40.5
NJ,2,Jeff Van Drew,R,52.9,128943,Tim Alexander,D,47.1,114804,744252,60.1,5.8,48.6,65.2,16,9.6,0.7,0.1,18.1,79000,90,40.2
NJ,3,Andy Kim,D,53.2,172856,Bob Healey,R,46.8,151738,744311,61.2,6.4,48.8,65.6,16.3,9.4,0.6,0.1,18.2,81000,89.9,40.4
NJ,4,Chris Smith,R,61.7,204976,Stephanie Schmid,D,38.3,127184,744214,61.8,23.4,48.9,65.3,16.1,9.5,0.7,0.1,18.4,82000,90.1,40.3
NJ,5,Josh Gottheimer,D,57.5,195234,Frank Pallotta,R,42.5,144682,744397,61,15,48.7,65.5,16.2,9.6,0.6,0.1,18.3,83000,90,40.5
NJ,6,Frank Pallone,D,64.9,183756,Sue Kiley,R,35.1,99345,744365,60.5,29.8,48.6,65.4,16,9.5,0.7,0.1,18.2,84000,90.2,40.4
NJ,7,Tom Malinowski,D,50.6,153209,Tom Kean Jr.,R,49.4,149634,744273,60.3,1.2,48.8,65.6,16.1,9.6,0.6,0.1,18.1,85000,90.1,40.3
NJ,8,Bill Pascrell,D,69.7,172834,Billy Prempeh,R,30.3,75039,744334,61.1,39.4,48.9,65.5,16.3,9.4,0.7,0.1,18.3,86000,90,40.2
NJ,9,Albio Sires,D,72.8,178923,Jason Mushnick,R,27.2,66892,744274,61.7,45.6,48.7,65.4,16.2,9.5,0.6,0.1,18.4,87000,90.2,40.5
NJ,10,Donald Payne Jr.,D,83,198734,Jennifer Zinone,R,17,40700,744239,60.9,66,48.8,65.6,16.1,9.6,0.7,0.1,18.1,88000,90.1,40.4
NJ,11,Mikie Sherrill,D,58.3,184932,Paul DeGroot,R,41.7,132095,744298,61.4,16.6,48.9,65.5,16,9.4,0.6,0.1,18.2,89000,90,40.3
NJ,12,Bonnie Watson Coleman,D,64.3,190876,Mark Razzoli,R,35.7,105748,744341,60.7,28.6,48.7,65.4,16.2,9.5,0.7,0.1,18.3,90000,90.2,40.5
NM,1,Melanie Stansbury,D,60.8,120543,Mark Moores,R,36.8,73421,700000,60.8,24,48.9,88.4,2.3,1.7,0.5,0.1,47,47000,83.1,31.1
NM,2,Gabe Vasquez,D,50.3,98432,Yvette Herrell,R,45.6,89123,700000,50.3,4.7,49,88.3,2.2,1.6,0.4,0.1,47.1,48000,83,31
NM,3,Teresa Leger Fernandez,D,58.8,130654,Alexis Martinez Johnson,R,41.2,91098,700000,58.8,17.6,48.8,88.4,2.3,1.7,0.5,0.1,47,49000,83.1,31.1
NV,1,Dina Titus,D,50.3,156789,Amy Vilela,R,49.7,154321,730000,65.2,0.6,49.7,70.6,10.6,9.6,1.6,0.2,19.6,70000,92.6,35.7
NV,2,Mark Amodei,R,63.9,198654,Patricia Ackerman,D,36.1,112345,730000,64.3,27.8,49.8,70.7,10.7,9.7,1.7,0.2,19.7,71000,92.7,35.8
NV,3,Susie Lee,D,52.4,145678,April Becker,R,47.6,131234,730000,63.4,4.8,49.9,70.8,10.8,9.8,1.8,0.2,19.8,72000,92.8,35.9
NV,4,Steven Horsford,D,50.2,123456,Jim Marchant,R,49.8,122334,730000,62.5,0.4,50,70.9,10.9,9.9,1.9,0.2,19.9,73000,92.9,36
NY,1,Nick LaLota,R,55.1,186563,Bridget Fleming,D,44.9,153432,730000,55,10.2,48.5,72.3,6.7,10.1,0.6,0.1,14.2,65000,85.2,35.2
NY,2,Andrew Garbarino,R,59.6,179632,Jackie Gordon,D,40.4,121876,730000,56.2,19.2,48.6,72.4,6.6,10.2,0.6,0.1,14.3,66000,85.3,35.3
NY,3,George Santos,R,54.1,145634,Robert Zimmerman,D,45.9,123456,730000,54.3,8.2,48.4,72.3,6.7,10.1,0.6,0.1,14.4,67000,85.4,35.4
NY,4,Anthony D'Esposito,R,51.8,156732,Laura Gillen,D,48.2,145678,730000,52.8,3.6,48.6,72.4,6.6,10.2,0.6,0.1,14.5,68000,85.5,35.5
NY,5,Gregory Meeks,D,73.5,212654,Paul King,R,26.5,78965,730000,65.1,47,48.3,30.2,20.3,18.3,0.5,0.1,15.2,69000,86.2,36.2
NY,6,Grace Meng,D,72.1,198765,Thomas Zmich,R,27.9,76543,730000,63.2,44.2,48.3,30.2,20.3,18.3,0.5,0.1,15.3,70000,86.3,36.3
NY,7,Nydia Velázquez,D,90.6,178654,Brian Kelly,R,9.4,18543,730000,75,81.2,48.2,20.2,12.3,12.3,0.5,0.1,15.4,71000,86.4,36.4
NY,8,Hakeem Jeffries,D,77.9,234567,Yamini Adusumilli,R,22.1,66543,730000,70.3,55.8,48.2,20.3,12.3,12.3,0.5,0.1,15.5,72000,86.5,36.5
NY,9,Yvette Clarke,D,77.6,198765,Menachem Raitport,R,22.4,57321,730000,66.5,55.2,48.4,21.2,27.3,8.3,0.4,0.1,15.6,73000,86.6,36.6
NY,10,Daniel Goldman,D,84.3,210876,Benine Hamdan,R,15.7,45678,730000,70,68.6,48.5,22.3,26.3,9.3,0.4,0.1,15.7,74000,86.7,36.7
NY,11,Nicole Malliotakis,R,62.1,198765,Max Rose,D,37.9,121876,730000,59.8,24.2,48.4,63.2,10.3,8.3,0.5,0.1,16.2,75000,87.2,37.2
NY,12,Jerry Nadler,D,82.7,234567,Mike Zumbluskas,R,17.3,49234,730000,72.6,65.4,48.6,54.1,8.1,10.2,0.5,0.1,16.3,76000,87.3,37.3
NY,13,Adriano Espaillat,D,79.1,198765,Michael Hano,R,20.9,65432,730000,69,58.2,48.3,25.4,25.4,9.4,0.4,0.1,16.4,77000,87.4,37.4
NY,14,Alexandria Ocasio-Cortez,D,70.6,245678,Tina Forte,R,29.4,102345,730000,65.4,41.2,48.2,23.5,24.4,10.3,0.5,0.1,16.5,78000,87.5,37.5
NY,15,Ritchie Torres,D,89.8,210765,Stylo West,R,10.2,23456,730000,78.2,79.6,48.3,22.3,28.2,7.3,0.5,0.1,16.6,79000,87.6,37.6
NY,16,Jamaal Bowman,D,76.7,165432,Patrick McManus,R,23.3,50234,730000,68,53.4,48.2,72.1,6.1,10.2,0.6,0.1,15.2,78000,87.2,37.2
NY,17,Pat Ryan,D,54.1,179876,Colin Schmitt,R,45.9,152345,730000,60.5,8.2,48.3,72.2,6.2,10.3,0.6,0.1,15.3,79000,87.3,37.3
NY,18,Michael Lawler,R,51.5,149876,Sean Patrick Maloney,D,48.5,141234,730000,58.2,3,48.4,72.3,6.3,10.4,0.6,0.1,15.4,80000,87.4,37.4
NY,19,Marc Molinaro,R,56.8,156789,Josh Riley,D,43.2,119876,730000,61.8,13.6,48.5,72.4,6.4,10.5,0.6,0.1,15.5,81000,87.5,37.5
NY,20,Paul Tonko,D,57.2,198654,Elizabeth Joy,R,42.8,132654,730000,64.2,14.4,48.6,72.5,6.5,10.6,0.6,0.1,15.6,82000,87.6,37.6
NY,21,Elise Stefanik,R,61,178543,Tedra Cobb,D,39,134567,730000,62,22,48.7,72.6,6.6,10.7,0.6,0.1,15.7,83000,87.7,37.7
NY,22,Claudia Tenney,R,59.6,165432,Steven Holden,D,40.4,146543,730000,61.5,19.2,48.8,72.7,6.7,10.8,0.6,0.1,16.2,84000,87.8,37.8
NY,23,Brandon Williams,R,54,148654,Francis Conole,D,46,126543,730000,57,8,48.9,72.8,6.8,10.9,0.6,0.1,16.3,85000,87.9,37.9
NY,24,Joseph Morelle,D,64.1,178543,George Mitris,R,35.9,99876,730000,63.4,28.2,49,72.9,6.9,11,0.6,0.1,16.4,86000,88,38
NY,25,Brian Higgins,D,73.6,198765,Ian Murphy,R,26.4,70234,730000,69,47.2,49.1,73,7,11.1,0.6,0.1,16.5,87000,88.1,38.1
NY,26,Nick Langworthy,R,62.1,176543,Max Della Pia,D,37.9,134567,730000,60.3,24.2,49.2,73.1,7.1,11.2,0.6,0.1,16.6,88000,88.2,38.2
OH,1,Steve Chabot,R,52.5,156789,Greg Landsman,D,47.5,142067,764982,55.3,5,48.6,70.2,12.3,4.8,0.5,0.1,15.2,65000,89.5,32.5
OH,2,Brad Wenstrup,R,66.4,194582,Samantha Meadows,D,33.6,98243,764723,57.1,32.8,48.4,69.8,13.1,4.6,0.6,0.2,14.5,67000,90,33
OH,3,Joyce Beatty,D,68.8,212895,Mark Richardson,R,31.2,96342,764542,58.2,37.6,49.1,71.5,12,5,0.4,0.1,15.6,68000,88.7,31.5
OH,4,Jim Jordan,R,69.3,243650,Tamie Wilson,D,30.7,107675,764832,56.7,38.6,48.9,70.9,12.8,4.9,0.5,0.2,14.9,69000,89.8,32.8
OH,5,Robert Latta,R,67.2,176820,Nick Rubando,D,32.8,86014,764691,55.9,34.4,49,69.7,13,4.5,0.6,0.1,15.7,64000,89.6,32.6
OH,6,Bill Johnson,R,74.9,189457,Shawna Roberts,D,25.1,63457,764558,58.4,49.8,48.7,70.1,12.7,4.7,0.5,0.1,15.3,66000,89.7,32.7
OH,7,Bob Gibbs,R,68.4,174852,Matthew Diemer,D,31.6,84523,764375,57.2,36.8,49.2,68.9,13.5,4.9,0.5,0.1,15.1,67000,90.2,33.2
OH,8,Warren Davidson,R,69.6,198743,Vanessa Enoch,D,30.4,84763,764463,56.5,39.2,48.5,70,12.4,4.8,0.5,0.1,15,70000,89.9,32.9
OH,9,Marcy Kaptur,D,63.1,165932,J.R. Majewski,R,36.9,96783,764289,56.3,26.2,48.6,69.5,13.3,5.1,0.6,0.2,14.8,71000,90.1,33.1
OH,10,Mike Turner,R,58.6,190478,David Esrati,D,41.4,134562,764203,55.4,17.2,48.8,70.3,12.9,4.9,0.5,0.1,15.4,72000,89.4,32.4
OH,11,Shontel Brown,D,78.7,198743,Laverne Gore,R,21.3,53456,764134,58.1,57.4,49.1,69.8,12.5,4.6,0.4,0.2,15.5,73000,90.5,33.5
OH,12,Troy Balderson,R,56.4,175824,Alaina Shearer,D,43.6,135923,764043,56.6,12.8,48.7,70.1,12.6,4.8,0.5,0.1,15.2,74000,90,33
OH,13,Emilia Sykes,D,54.2,187569,Madison Gesiotto Gilbert,R,45.8,158734,764282,57.9,8.4,49,69.9,13.1,5,0.5,0.1,15.3,75000,89.8,32.8
OH,14,David Joyce,R,62.6,184736,Matt Kilboy,D,37.4,110399,764194,56.8,25.2,48.6,70,12.8,4.7,0.6,0.2,15.1,76000,90.1,33.1
OH,15,Mike Carey,R,58.3,199456,Gary Josephson,D,41.7,142643,764118,58,16.6,48.9,70.4,13,4.9,0.5,0.1,14.9,77000,89.9,32.9
OK,1,Stephanie Bice,R,64.6,178654,Abby Broyles,D,35.4,97876,791432,62.5,29.2,49.3,72.4,7.6,2.2,4.5,0.2,11.7,65000,87.3,24.4
OK,2,Markwayne Mullin,R,76.3,189765,Danyell Lanier,D,23.7,59321,791543,62.4,52.6,49.2,72.3,7.5,2.3,4.4,0.1,11.6,66000,87.2,24.3
OK,3,Frank Lucas,R,72.1,167543,Zoe Midyett,D,27.9,64876,791654,62.3,44.2,49.3,72.4,7.6,2.2,4.5,0.2,11.7,67000,87.3,24.4
OK,4,Tom Cole,R,68.6,190876,Mary Brannon,D,31.4,87321,791765,62.2,37.2,49.2,72.3,7.5,2.3,4.4,0.1,11.6,68000,87.2,24.3
OK,5,Kevin Hern,R,63.2,176543,Adam Martin,D,36.8,102345,791876,62.1,26.4,49.3,72.4,7.6,2.2,4.5,0.2,11.7,69000,87.3,24.4
OR,1,Suzanne Bonamici,D,72.9,227563,Christopher Mann,R,27.1,84765,704546,67.2,45.8,49.2,76.4,2.3,4.8,1.2,0.3,12.5,67000,90.1,35
OR,2,Cliff Bentz,R,63.8,198764,Alex Spenser,D,36.2,112345,705216,66.8,27.6,49.1,76.2,2.1,4.9,1.3,0.4,12.4,68000,90,34.8
OR,3,Earl Blumenauer,D,78.3,234897,Joanna Harbour,R,21.7,65234,705432,67.5,56.6,49.3,76.5,2.4,4.7,1.2,0.3,12.6,69000,90.2,35.1
OR,4,Val Hoyle,D,51,151234,Alek Skarlatos,R,49,145678,705123,66.9,2,49,76.3,2.2,4.8,1.3,0.4,12.5,70000,90.1,35
OR,5,Lori Chavez-DeRemer,R,51.1,157890,Jamie McLeod-Skinner,D,48.9,151234,705321,67.1,2.2,49.1,76.4,2.3,4.7,1.2,0.3,12.4,71000,90,34.9
OR,6,Andrea Salinas,D,50,139876,Mike Erickson,R,48.5,135678,705654,67,1.5,49.2,76.2,2.1,4.9,1.3,0.4,12.5,72000,90.2,35.1
PA,1,Brian Fitzpatrick,R,54,198273,Ashley Ehasz,D,46,168634,764865,55.6,8,48.9,70.4,12.5,4.9,0.5,0.1,14.8,66000,89.8,32.8
PA,2,Brendan Boyle,D,77.3,195878,Aaron Bashir,R,22.7,57541,764389,56.3,54.6,48.7,69.2,12.8,4.6,0.4,0.2,15.2,67000,89.9,32.9
PA,3,Dwight Evans,D,90.3,230759,Michael Harvey,R,9.7,24739,764298,54.9,80.6,48.8,68.9,13,4.7,0.5,0.1,15.1,68000,90,33
PA,4,Madeleine Dean,D,61,181794,Christian Nascimento,R,39,116319,764509,56.7,22,48.9,70.1,12.9,4.8,0.6,0.1,15,69000,90.1,33.1
PA,5,Mary Gay Scanlon,D,65.5,161362,David Galluch,R,34.5,85068,764256,57.1,31,49.2,69.5,13.1,4.6,0.5,0.2,14.8,64000,89.8,32.8
PA,6,Chrissy Houlahan,D,56.1,190145,Guy Ciarrocchi,R,43.9,148574,764517,55.8,12.2,48.5,70.3,12.7,4.7,0.5,0.1,15.4,66000,89.7,32.7
PA,7,Susan Wild,D,51.5,171538,Lisa Scheller,R,48.5,161732,764280,54.6,3,49,69.8,13.5,4.8,0.4,0.1,15.2,67000,89.9,32.9
PA,8,Matt Cartwright,D,51.9,155274,Jim Bognet,R,48.1,143924,764450,55.2,3.8,48.6,70.2,12.4,4.7,0.5,0.1,15.3,68000,90.2,33
PA,9,Dan Meuser,R,66.3,204684,Amanda Waldman,D,33.7,104079,764112,54.8,32.6,49.1,69.7,13.3,5,0.5,0.2,14.9,69000,90.1,33.1
PA,10,Scott Perry,R,52.7,184624,Shamaine Daniels,D,47.3,165363,764632,55.5,5.4,48.7,70.1,12.9,4.9,0.6,0.1,15.3,70000,89.4,32.4
PA,11,Lloyd Smucker,R,62.5,193588,Robert Hollister,D,37.5,116195,764415,55.9,25,49.3,70,12.6,4.6,0.5,0.2,15.1,71000,89.7,32.7
PA,12,Summer Lee,D,55.7,178934,Mike Doyle,R,44.3,142357,764386,55.4,11.4,48.4,70.5,13,4.8,0.4,0.1,15.2,72000,90,33
PA,13,John Joyce,R,73.4,228456,Adam Buczynski,D,26.6,82894,764411,55.3,46.8,48.8,70.3,12.8,4.7,0.5,0.2,14.8,73000,89.8,32.8
PA,14,Guy Reschenthaler,R,66.8,200137,Chris Deluzio,D,33.2,99564,764589,55.7,33.6,49.2,70.2,12.8,4.8,0.5,0.1,15.1,74000,89.9,32.9
PA,15,Glenn Thompson,R,69,214858,Michael Molesevich,D,31,96536,764298,55.8,38,48.9,70.4,12.9,4.7,0.6,0.2,14.9,75000,90.2,33.2
PA,16,Mike Kelly,R,60.1,187521,Dan Pastore,D,39.9,124519,764500,55.9,20.2,48.5,70.1,12.7,4.8,0.5,0.1,15.2,76000,90.1,33.1
PA,17,Conor Lamb,D,53.5,189134,Sean Parnell,R,46.5,164418,764317,55.6,7,48.6,70.2,12.8,4.7,0.5,0.1,15.3,77000,90,33
RI,1,David Cicilline,D,64,187654,Allen Waters,R,36,105678,542704,64,28,49.1,89.4,0.4,1,6,0.1,4,54000,91.4,32.4
RI,2,Seth Magaziner,D,50.3,167543,Allen Waters,R,49.7,165432,542704,50.3,0.6,48.8,88.3,0.4,1,6,0.1,4,55000,91.3,32.3
SC,1,Nancy Mace,R,53.1,156789,Annie Andrews,D,46.9,138765,734534,65.2,6.2,48.8,66.2,27.4,1.5,0.4,0.1,5.2,65000,87.1,31.2
SC,2,Joe Wilson,R,56.7,167543,Arik Bjorn,D,43.3,127654,734432,65.3,13.4,48.7,66.3,27.3,1.6,0.3,0.1,5.3,66000,87,31
SC,3,Jeff Duncan,R,71.9,198432,Hosea Cleveland,D,28.1,77543,734654,65.1,43.8,48.8,66.2,27.4,1.5,0.4,0.1,5.2,67000,87.1,31.2
SC,4,William Timmons,R,61.4,189765,Kim Nelson,D,38.6,123876,734321,65.2,22.8,48.7,66.3,27.3,1.6,0.3,0.1,5.3,68000,87,31
SC,5,Ralph Norman,R,63.7,176543,Moe Brown,D,36.3,106543,734543,65.3,27.4,48.8,66.2,27.4,1.5,0.4,0.1,5.2,69000,87.1,31.2
SC,6,James Clyburn,D,69.1,186432,John McCollum,R,30.9,83210,734432,65.1,38.2,48.7,66.3,27.3,1.6,0.3,0.1,5.3,70000,87,31
SC,7,Tom Rice,R,51.1,152345,Melissa Watson,D,48.9,146987,734321,65.2,2.2,48.8,66.2,27.4,1.5,0.4,0.1,5.2,71000,87.1,31.2
SD,1,Dusty Johnson,R,78,198765,Randy Luallin,D,22,56000,720000,78,56,49,90,3,1,0.5,0.1,3,65000,88,29
TN,1,David Kustoff,R,69.4,201234,Lynne Ingram,D,30.6,89012,760987,60.9,38.8,49.1,78.2,16.2,2.4,0.4,0.1,6.7,70000,87.1,25.3
TN,2,Tim Burchett,R,67.8,187654,Mike Padgett,D,32.2,89123,760654,61,35.6,49,78.1,16.1,2.3,0.3,0.1,6.8,71000,87,25.1
TN,3,Diana Harshbarger,R,78.2,212345,Larry Smith,D,21.8,58932,760987,61.2,56.4,49.1,78.3,16.3,2.5,0.5,0.1,6.7,72000,87.2,25.4
TN,4,Scott DesJarlais,R,66.9,178923,Christopher Hale,D,33.1,88543,760876,61.3,33.8,49,78.1,16.1,2.3,0.4,0.1,6.8,73000,87.1,25.3
TN,5,Jim Cooper,D,63.7,143987,Odessa Kelly,R,36.3,81923,760654,61.1,27.4,49.1,78.2,16.2,2.4,0.4,0.1,6.7,74000,87,25.1
TN,6,John Rose,R,74.8,203456,Christopher Finley,D,25.2,68213,760321,61.2,49.6,49,78.1,16.1,2.3,0.3,0.1,6.8,75000,87.2,25.4
TN,7,Mark Green,R,68.5,189765,Anne McGraw,D,31.5,87892,760432,61.3,37,49.1,78.3,16.3,2.5,0.5,0.1,6.7,76000,87.1,25.3
TN,8,David Roe,R,77.2,201987,Darren Jernigan,D,22.8,59342,760123,61.4,54.4,49,78.2,16.2,2.4,0.4,0.1,6.7,77000,87,25.1
TN,9,Chuck Fleischmann,R,67.1,190876,Meg Gorman,D,32.9,93512,760234,61.2,34.2,49.1,78.3,16.3,2.5,0.5,0.1,6.7,78000,87.2,25.4
TX,1,Louie Gohmert,R,73.3,170359,Hank Gilbert,D,26.7,63458,766987,56.7,46.6,49,70.2,12.3,4.8,0.5,0.1,15.2,56000,89.5,32.5
TX,2,Dan Crenshaw,R,73.5,234356,Sima Ladjevardian,D,26.5,84252,767189,55.4,47,48.5,69.8,13.1,4.6,0.6,0.2,14.5,59000,90,33
TX,3,Van Taylor,R,84.8,283095,Lulu Seikaly,D,15.2,50620,767208,50.3,69.6,50.1,71.5,12,5,0.4,0.1,15.6,58000,88.7,31.5
TX,4,Pat Fallon,R,75.1,230420,Russell Foster,D,24.9,76495,767532,58.6,50.2,49.2,70.9,12.8,4.9,0.5,0.2,14.9,57000,89.8,32.8
TX,5,Lance Gooden,R,67.8,204841,Carolyn Salter,D,32.2,97430,767320,61.3,35.6,48.9,69.7,13,4.5,0.6,0.1,15.7,60000,89.6,32.6
TX,6,Jake Ellzey,R,67.5,215878,Stephen Daniel,D,32.5,106754,767498,57.2,35,49.3,70.1,12.7,4.7,0.5,0.1,15.3,61000,89.7,32.7
TX,7,Lizzie Fletcher,D,67.1,197328,Wesley Hunt,R,32.9,96875,767325,55.8,34.2,50.2,68.9,13.5,4.9,0.5,0.1,15.1,62000,90.2,33.2
TX,8,Kevin Brady,R,70.1,289132,Elizabeth Hernandez,D,29.9,123429,767640,54.1,40.2,49,70,12.4,4.8,0.5,0.1,15,63000,89.9,32.9
TX,9,Al Green,D,75.8,151721,Johnny Teague,R,24.2,48532,767234,60.5,51.6,48.8,69.5,13.3,5.1,0.6,0.2,14.8,64000,90.1,33.1
TX,10,Michael McCaul,R,56.6,226601,Mike Siegel,D,43.4,173671,767445,58.1,13.2,49.1,70.3,12.9,4.9,0.5,0.1,15.4,65000,89.4,32.4
TX,11,August Pfluger,R,79.9,183401,Jon Mark Hogg,D,20.1,46057,767321,53.9,59.8,49,70.2,12.3,4.8,0.5,0.1,15.2,56000,89.5,32.5
TX,12,Kay Granger,R,63.4,199964,Lisa Welch,D,36.6,115294,767598,57.7,26.8,48.5,69.8,13.1,4.6,0.6,0.2,14.5,59000,90,33
TX,13,Ronny Jackson,R,79.5,224239,Gus Trujillo,D,20.5,57792,767291,56.6,59,50.1,71.5,12,5,0.4,0.1,15.6,58000,88.7,31.5
TX,14,Randy Weber,R,62.9,174857,Adrienne Bell,D,37.1,104396,767524,55.4,25.8,49.2,70.9,12.8,4.9,0.5,0.2,14.9,57000,89.8,32.8
TX,15,Vicente Gonzalez,D,50.3,90439,Monica De La Cruz,R,49.7,89235,767384,58.1,0.6,48.9,69.7,13,4.5,0.6,0.1,15.7,60000,89.6,32.6
TX,16,Veronica Escobar,D,64.7,121201,Irene Armendariz-Jackson,R,35.3,66053,767319,55,29.4,49.3,70.1,12.7,4.7,0.5,0.1,15.3,61000,89.7,32.7
TX,17,Pete Sessions,R,65.4,161654,Rick Kennedy,D,34.6,84290,767508,54.9,30.8,50.2,68.9,13.5,4.9,0.5,0.1,15.1,62000,90.2,33.2
TX,18,Sheila Jackson Lee,D,74.4,225801,Wendell Champion,R,25.6,77634,767634,58.3,48.8,49,70,12.4,4.8,0.5,0.1,15,63000,89.9,32.9
TX,19,Jodey Arrington,R,80,178902,Tom Watson,D,20,44812,767402,53.9,60,48.8,69.5,13.3,5.1,0.6,0.2,14.8,64000,90.1,33.1
TX,20,Joaquin Castro,D,63.5,126748,Juan Hidalgo,R,36.5,72997,767290,55.4,27,49.1,70.3,12.9,4.9,0.5,0.1,15.4,65000,89.4,32.4
TX,21,Chip Roy,R,66.2,208714,Wendy Davis,D,33.8,106621,767614,59,32.4,49,70.2,12.3,4.8,0.5,0.1,15.2,56000,89.5,32.5
TX,22,Troy Nehls,R,65.9,204674,Sri Kulkarni,D,34.1,105822,767330,57.2,31.8,48.5,69.8,13.1,4.6,0.6,0.2,14.5,59000,90,33
TX,23,Tony Gonzales,R,57.2,143417,Gina Ortiz Jones,D,42.8,107266,767193,59.1,14.4,50.1,71.5,12,5,0.4,0.1,15.6,58000,88.7,31.5
TX,24,Beth Van Duyne,R,48.8,158236,Candace Valenzuela,D,51.2,166006,767509,55.5,-2.4,49.2,70.9,12.8,4.9,0.5,0.2,14.9,57000,89.8,32.8
TX,25,Roger Williams,R,57.8,216085,Julie Oliver,D,42.2,158052,767540,58.4,15.6,48.9,69.7,13,4.5,0.6,0.1,15.7,60000,89.6,32.6
TX,26,Michael Burgess,R,60.4,215252,Carol Iannuzzi,D,39.6,141224,767339,60.1,20.8,49.3,70.1,12.7,4.7,0.5,0.1,15.3,61000,89.7,32.7
TX,27,Michael Cloud,R,62.2,158294,Ricardo De La Fuente,D,37.8,96208,767485,57.7,24.4,50.2,68.9,13.5,4.9,0.5,0.1,15.1,62000,90.2,33.2
TX,28,Henry Cuellar,D,57.2,100246,Sandra Whitten,R,42.8,75012,767603,56.9,14.4,49,70,12.4,4.8,0.5,0.1,15,63000,89.9,32.9
TX,29,Sylvia Garcia,D,75,135107,Robert Schafranek,R,25,45114,767532,61,50,48.8,69.5,13.3,5.1,0.6,0.2,14.8,64000,90.1,33.1
TX,30,Eddie Bernice Johnson,D,91.9,247735,G. Pierre Justice,L,8.1,21617,767342,65.3,83.8,49.1,70.3,12.9,4.9,0.5,0.1,15.4,65000,89.4,32.4
TX,31,John Carter,R,61,167111,Donna Imam,D,39,106881,767654,54.3,22,49,70.2,12.3,4.8,0.5,0.1,15.2,56000,89.5,32.5
TX,32,Colin Allred,D,65.2,171288,Genevieve Collins,R,34.8,91327,767293,58.8,30.4,48.5,69.8,13.1,4.6,0.6,0.2,14.5,59000,90,33
TX,33,Marc Veasey,D,68.5,161258,Trevor Volpe,L,31.5,74225,767420,59.4,37,50.1,71.5,12,5,0.4,0.1,15.6,58000,88.7,31.5
TX,34,Lloyd Doggett,D,48.8,118456,Valenzuela A,D,51.2,166006,767591,55.5,-2.4,49.2,70.9,12.8,4.9,0.5,0.2,14.9,57000,89.8,32.8
TX,35,Michael McCaul,R,56.6,226601,Siegmund Joseph,R,43.4,173671,767498,58.1,13.2,48.9,69.7,13,4.5,0.6,0.1,15.7,60000,89.6,32.6
TX,36,Lloyd Doggett,D,63.8,118456,Jennie Lou Leeder,D,36.2,67389,767632,57,27.6,49.3,70.1,12.7,4.7,0.5,0.1,15.3,61000,89.7,32.7
TX,37,Sheila Jackson Lee,D,74.4,225801,Champion W,R,25.6,77634,767421,58.3,48.8,50.2,68.9,13.5,4.9,0.5,0.1,15.1,62000,90.2,33.2
TX,38,Randy Weber,R,62.9,174857,Bell Adrienne,D,37.1,104396,767400,55.4,25.8,49,70,12.4,4.8,0.5,0.1,15,63000,89.9,32.9
UT,1,Blake Moore,R,68.5,187654,Darren Parry,D,31.5,86432,801543,63.1,37,49.4,78.4,1.4,2.7,1.3,0.2,14.6,74000,91.5,35.5
UT,2,Chris Stewart,R,60.1,167543,Kael Weston,D,39.9,110432,801654,63,20.2,49.3,78.3,1.3,2.6,1.2,0.1,14.5,75000,91.4,35.4
UT,3,John Curtis,R,67.2,176543,Devin Thorpe,D,32.8,86213,801765,62.9,34.4,49.4,78.4,1.4,2.7,1.3,0.2,14.6,76000,91.5,35.5
UT,4,Burgess Owens,R,53.3,156543,Darlene McDonald,D,46.7,137876,801876,62.8,6.6,49.3,78.3,1.3,2.6,1.2,0.1,14.5,77000,91.4,35.4
VA,1,Rob Wittman,R,58.3,190123,Vangie Williams,D,41.7,135678,776556,60.3,16.6,48.6,61.3,18.2,5.7,0.3,0.1,9.4,72000,89.1,34.2
VA,2,Elaine Luria,D,52.1,171234,Scott Taylor,R,47.9,157321,776432,61.5,4.2,48.5,61.5,18.4,5.6,0.4,0.1,9.2,71000,89,34.5
VA,3,Bobby Scott,D,69.4,201345,John Collick,R,30.6,88765,776598,60.8,38.8,48.7,61.4,18.3,5.8,0.3,0.1,9.3,73000,89.2,34.3
VA,4,Donald McEachin,D,66.3,189654,Leon Benjamin,R,33.7,96432,776512,61.2,32.6,48.8,61.6,18.5,5.7,0.4,0.1,9.4,74000,89.3,34.4
VA,5,Bob Good,R,58.8,184321,Cameron Webb,D,41.2,129654,776439,60.6,17.6,48.9,61.3,18.2,5.9,0.3,0.1,9.5,75000,89.4,34.6
VA,6,Ben Cline,R,64.3,174987,Nicholas Betts,D,35.7,97234,776384,60.7,28.6,48.7,61.5,18.4,5.6,0.4,0.1,9.2,76000,89.1,34.3
VA,7,Abigail Spanberger,D,52.2,165432,Yesli Vega,R,47.8,151987,776491,61,4.4,48.9,61.6,18.5,5.7,0.3,0.1,9.4,77000,89.3,34.5
VA,8,Don Beyer,D,74.4,203456,Jeff Jordan,R,25.6,69987,776593,61.4,48.8,48.6,61.4,18.3,5.8,0.4,0.1,9.3,78000,89.2,34.4
VA,9,Morgan Griffith,R,70.2,172834,Derek Kitts,D,29.8,73234,776485,60.9,40.4,48.8,61.3,18.2,5.6,0.3,0.1,9.2,79000,89,34.3
VA,10,Jennifer Wexton,D,56.5,193456,Aliscia Andrews,R,43.5,149654,776459,61.3,13,48.7,61.5,18.4,5.7,0.4,0.1,9.4,80000,89.1,34.5
VA,11,Gerry Connolly,D,71,200987,Jeff Dove,R,29,81734,776513,61.1,42,48.9,61.4,18.3,5.8,0.3,0.1,9.3,81000,89.2,34.4
VT,1,Becca Balint,D,66,176543,Liam Madden,R,34,96321,720000,66,32,49,95,1,1,0.5,0,1.5,72000,92,32
WA,1,Suzan DelBene,D,62.5,208345,Vincent Cavaleri,R,37.5,125678,780345,58.2,25,49.1,69.4,3.2,9.8,1.4,0.5,13,85000,91.1,42
WA,2,Rick Larsen,D,60.4,198762,Brian Luke,R,39.6,130987,780214,59.1,20.8,49,69.2,3.1,9.7,1.3,0.5,13.2,84000,91,41.8
WA,3,Marie Gluesenkamp Perez,D,51.2,142567,Joe Kent,R,48.8,136213,780321,57.8,2.4,49.2,69.5,3.2,9.9,1.4,0.5,13.1,86000,91.2,42.2
WA,4,Dan Newhouse,R,67.3,190876,Doug White,D,32.7,92654,780234,58.5,34.6,49,69.3,3,9.8,1.3,0.4,13.3,87000,91.3,42.3
WA,5,Cathy McMorris Rodgers,R,64.8,234876,Natasha Hill,D,35.2,127654,780123,58.3,29.6,48.9,69.2,3.1,9.7,1.4,0.5,13,88000,91.4,42.4
WA,6,Derek Kilmer,D,59.5,187654,Elizabeth Kreiselmaier,R,40.5,127654,780234,57.9,19,49.1,69.5,3.2,9.9,1.3,0.5,13.1,89000,91.2,42.2
WA,7,Pramila Jayapal,D,83.8,210987,Craig Keller,R,16.2,40897,780432,58.7,67.6,48.9,69.3,3,9.8,1.4,0.4,13.2,90000,91.3,42.3
WA,8,Kim Schrier,D,52.4,165432,Jesse Jensen,R,47.6,150654,780321,58,4.8,49.2,69.4,3.1,9.7,1.3,0.5,13,91000,91,41.8
WA,9,Adam Smith,D,68.9,198345,Doug Basler,R,31.1,89543,780234,58.6,37.8,49,69.2,3.2,9.9,1.4,0.4,13.1,92000,91.4,42.4
WA,10,Marilyn Strickland,D,64.1,176543,Keith Swank,R,35.9,98865,780321,58.4,28.2,48.9,69.3,3,9.8,1.3,0.5,13.2,93000,91.2,42.2
WI,1,Bryan Steil,R,54.05,"162,610",Ann Roe,D,45.14,"135,825",732019,40,8.91,49.2,75,15.5,3,0.5,0.1,6,"$70,000 ",90,30
WI,2,Mark Pocan,D,70.99,"268,740",Erik Olsen,R,26.92,"101,890",731888,41,44.07,48.7,78,10,4.5,0.6,0.1,6.8,"$68,000 ",91,35
WI,3,Derrick Van Orden,R,51.82,"164,743",Brad Pfaff,D,48.12,"152,977",731536,39.5,3.7,49,70,16,2.5,0.4,0.1,5,"$65,000 ",88,28
WI,4,Gwen Moore,D,76.83,"191,955",Tim Rogers,R,23.08,"57,660",731611,38.5,53.75,47.5,40,45,6,0.5,0.1,8,"$55,000 ",85,25
WI,5,Scott Fitzgerald,R,64.39,"243,741",Mike Van Someren,D,35.61,"134,889",731219,40.2,28.78,49.5,80,8,3.5,0.4,0.1,8,"$72,000 ",92,32
WI,6,Glenn Grothman,R,84.8,"232,280",Douglas Mullenix,L,15.2,"41,624",731494,39,69.6,49.1,78.5,12,4,0.5,0.1,5,"$70,000 ",90,30
WI,7,Tom Tiffany,R,63.4,"189,737",Richard Ausman,D,36.6,"109,739",731470,39.8,26.8,49.2,77,15,3,0.5,0.1,4.4,"$66,000 ",89,29
WI,8,Mike Gallagher,R,84.6,"79,096",Shaun Clarmont,D,15.4,"14,377",731713,37.5,69.2,48.9,79,11,4,0.5,0.1,5.4,"$69,000 ",91,31
WV,1,David McKinley,R,69,234567,Cathy Kunkel,D,31,98765,700000,69,38,50,92,4,1,0.2,0.1,2,55000,89,25
WV,2,Alex Mooney,R,55,198765,Natalie Cline,D,45,162345,700000,55,10,50,92,4,1,0.2,0.1,2,55000,89,25
WY,1,Harriet Hageman,R,66.3,198654,Lynnette Grey Bull,D,33.7,96432,720000,66.3,32.6,49,95,1,1,0.5,0,1.5,72000,92,32
,,,,,,,,,,,,,,,,,,,,,,
,,,,,,,,,,,,,,,,,,,,,,
,,,,,,,,,,,,,,,,,,,,,,
,,,,,,,,,,,,,,,,,,,,,,
,,,,,,,,,,,,,,,,,,,,,,
,,,,,,,,,,,,,,,,,,,,,,
,,,,,,,,,,,,,,,,,,,,,,
,,,,,,,,,,,,,,,,,,,,,,
,,,,,,,,,,,,,,,,,,,,,,
,,,,,,,,,,,,,,,,,,,,,,
,,,,,,,,,,,,,,,,,,,,,,
,,,,,,,,,,,,,,,,,,,,,,
,,,,,,,,,,,,,,,,,,,,,,
,,,,,,,,,,,,,,,,,,,,,,
,,,,,,,,,,,,,,,,,,,,,,
,,,,,,,,,,,,,,,,,,,,,,
,,,,,,,,,,,,,,,,,,,,,,
,,,,,,,,,,,,,,,,,,,,,,
,,,,,,,,,,,,,,,,,,,,,,
,,,,,,,,,,,,,,,,,,,,,,
,,,,,,,,,,,,,,,,,,,,,,
,,,,,,,,,,,,,,,,,,,,,,
,,,,,,,,,,,,,,,,,,,,,,
,,,,,,,,,,,,,,,,,,,,,,
,,,,,,,,,,,,,,,,,,,,,,
,,,,,,,,,,,,,,,,,,,,,,
,,,,,,,,,,,,,,,,,,,,,,
,,,,,,,,,,,,,,,,,,,,,,
,,,,,,,,,,,,,,,,,,,,,,
,,,,,,,,,,,,,,,,,,,,,,
,,,,,,,,,,,,,,,,,,,,,,
,,,,,,,,,,,,,,,,,,,,,,
,,,,,,,,,,,,,,,,,,,,,,
,,,,,,,,,,,,,,,,,,,,,,
,,,,,,,,,,,,,,,,,,,,,,
,,,,,,,,,,,,,,,,,,,,,,
,,,,,,,,,,,,,,,,,,,,,,
,,,,,,,,,,,,,,,,,,,,,,
,,,,,,,,,,,,,,,,,,,,,,
,,,,,,,,,,,,,,,,,,,,,,
,,,,,,,,,,,,,,,,,,,,,,
,,,,,,,,,,,,,,,,,,,,,,
,,,,,,,,,,,,,,,,,,,,,,
,,,,,,,,,,,,,,,,,,,,,,
,,,,,,,,,,,,,,,,,,,,,,
,,,,,,,,,,,,,,,,,,,,,,
,,,,,,,,,,,,,,,,,,,,,,
,,,,,,,,,,,,,,,,,,,,,,
,,,,,,,,,,,,,,,,,,,,,,
,,,,,,,,,,,,,,,,,,,,,,
,,,,,,,,,,,,,,,,,,,,,,
,,,,,,,,,,,,,,,,,,,,,,
,,,,,,,,,,,,,,,,,,,,,,
,,,,,,,,,,,,,,,,,,,,,,
,,,,,,,,,,,,,,,,,,,,,,
,,,,,,,,,,,,,,,,,,,,,,
,,,,,,,,,,,,,,,,,,,,,,
,,,,,,,,,,,,,,,,,,,,,,
,,,,,,,,,,,,,,,,,,,,,,
,,,,,,,,,,,,,,,,,,,,,,
,,,,,,,,,,,,,,,,,,,,,,
,,,,,,,,,,,,,,,,,,,,,,
,,,,,,,,,,,,,,,,,,,,,,
,,,,,,,,,,,,,,,,,,,,,,
,,,,,,,,,,,,,,,,,,,,,,
,,,,,,,,,,,,,,,,,,,,,,
,,,,,,,,,,,,,,,,,,,,,,
,,,,,,,,,,,,,,,,,,,,,,
,,,,,,,,,,,,,,,,,,,,,,
,,,,,,,,,,,,,,,,,,,,,,
,,,,,,,,,,,,,,,,,,,,,,
,,,,,,,,,,,,,,,,,,,,,,
,,,,,,,,,,,,,,,,,,,,,,
,,,,,,,,,,,,,,,,,,,,,,
,,,,,,,,,,,,,,,,,,,,,,
,,,,,,,,,,,,,,,,,,,,,,
,,,,,,,,,,,,,,,,,,,,,,
,,,,,,,,,,,,,,,,,,,,,,
,,,,,,,,,,,,,,,,,,,,,,
,,,,,,,,,,,,,,,,,,,,,,
,,,,,,,,,,,,,,,,,,,,,,
,,,,,,,,,,,,,,,,,,,,,,
,,,,,,,,,,,,,,,,,,,,,,
,,,,,,,,,,,,,,,,,,,,,,
,,,,,,,,,,,,,,,,,,,,,,
,,,,,,,,,,,,,,,,,,,,,,
,,,,,,,,,,,,,,,,,,,,,,
,,,,,,,,,,,,,,,,,,,,,,
,,,,,,,,,,,,,,,,,,,,,,
,,,,,,,,,,,,,,,,,,,,,,
,,,,,,,,,,,,,,,,,,,,,,
,,,,,,,,,,,,,,,,,,,,,,
,,,,,,,,,,,,,,,,,,,,,,
,,,,,,,,,,,,,,,,,,,,,,
,,,,,,,,,,,,,,,,,,,,,,
,,,,,,,,,,,,,,,,,,,,,,
,,,,,,,,,,,,,,,,,,,,,,
,,,,,,,,,,,,,,,,,,,,,,
,,,,,,,,,,,,,,,,,,,,,,
,,,,,,,,,,,,,,,,,,,,,,
,,,,,,,,,,,,,,,,,,,,,,
,,,,,,,,,,,,,,,,,,,,,,
,,,,,,,,,,,,,,,,,,,,,,
,,,,,,,,,,,,,,,,,,,,,,
,,,,,,,,,,,,,,,,,,,,,,
,,,,,,,,,,,,,,,,,,,,,,
,,,,,,,,,,,,,,,,,,,,,,
,,,,,,,,,,,,,,,,,,,,,,
,,,,,,,,,,,,,,,,,,,,,,
,,,,,,,,,,,,,,,,,,,,,,
,,,,,,,,,,,,,,,,,,,,,,
,,,,,,,,,,,,,,,,,,,,,,
,,,,,,,,,,,,,,,,,,,,,,
,,,,,,,,,,,,,,,,,,,,,,
,,,,,,,,,,,,,,,,,,,,,,
,,,,,,,,,,,,,,,,,,,,,,
,,,,,,,,,,,,,,,,,,,,,,
,,,,,,,,,,,,,,,,,,,,,,
,,,,,,,,,,,,,,,,,,,,,,
,,,,,,,,,,,,,,,,,,,,,,
,,,,,,,,,,,,,,,,,,,,,,
,,,,,,,,,,,,,,,,,,,,,,
,,,,,,,,,,,,,,,,,,,,,,
,,,,,,,,,,,,,,,,,,,,,,
,,,,,,,,,,,,,,,,,,,,,,
,,,,,,,,,,,,,,,,,,,,,,
,,,,,,,,,,,,,,,,,,,,,,
,,,,,,,,,,,,,,,,,,,,,,
,,,,,,,,,,,,,,,,,,,,,,
,,,,,,,,,,,,,,,,,,,,,,
,,,,,,,,,,,,,,,,,,,,,,
,,,,,,,,,,,,,,,,,,,,,,
,,,,,,,,,,,,,,,,,,,,,,
,,,,,,,,,,,,,,,,,,,,,,
,,,,,,,,,,,,,,,,,,,,,,
,,,,,,,,,,,,,,,,,,,,,,
,,,,,,,,,,,,,,,,,,,,,,
,,,,,,,,,,,,,,,,,,,,,,
,,,,,,,,,,,,,,,,,,,,,,
,,,,,,,,,,,,,,,,,,,,,,
,,,,,,,,,,,,,,,,,,,,,,
,,,,,,,,,,,,,,,,,,,,,,
,,,,,,,,,,,,,,,,,,,,,,
,,,,,,,,,,,,,,,,,,,,,,
,,,,,,,,,,,,,,,,,,,,,,
,,,,,,,,,,,,,,,,,,,,,,
,,,,,,,,,,,,,,,,,,,,,,
,,,,,,,,,,,,,,,,,,,,,,
,,,,,,,,,,,,,,,,,,,,,,
,,,,,,,,,,,,,,,,,,,,,,
,,,,,,,,,,,,,,,,,,,,,,
,,,,,,,,,,,,,,,,,,,,,,
,,,,,,,,,,,,,,,,,,,,,,
,,,,,,,,,,,,,,,,,,,,,,
,,,,,,,,,,,,,,,,,,,,,,
,,,,,,,,,,,,,,,,,,,,,,
,,,,,,,,,,,,,,,,,,,,,,
,,,,,,,,,,,,,,,,,,,,,,
,,,,,,,,,,,,,,,,,,,,,,
,,,,,,,,,,,,,,,,,,,,,,
,,,,,,,,,,,,,,,,,,,,,,
,,,,,,,,,,,,,,,,,,,,,,
,,,,,,,,,,,,,,,,,,,,,,
,,,,,,,,,,,,,,,,,,,,,,
,,,,,,,,,,,,,,,,,,,,,,
,,,,,,,,,,,,,,,,,,,,,,
,,,,,,,,,,,,,,,,,,,,,,
,,,,,,,,,,,,,,,,,,,,,,
,,,,,,,,,,,,,,,,,,,,,,
,,,,,,,,,,,,,,,,,,,,,,
,,,,,,,,,,,,,,,,,,,,,,
,,,,,,,,,,,,,,,,,,,,,,
,,,,,,,,,,,,,,,,,,,,,,
,,,,,,,,,,,,,,,,,,,,,,
,,,,,,,,,,,,,,,,,,,,,,
,,,,,,,,,,,,,,,,,,,,,,
,,,,,,,,,,,,,,,,,,,,,,
,,,,,,,,,,,,,,,,,,,,,,
,,,,,,,,,,,,,,,,,,,,,,
,,,,,,,,,,,,,,,,,,,,,,
,,,,,,,,,,,,,,,,,,,,,,
,,,,,,,,,,,,,,,,,,,,,,
,,,,,,,,,,,,,,,,,,,,,,
,,,,,,,,,,,,,,,,,,,,,,
,,,,,,,,,,,,,,,,,,,,,,
,,,,,,,,,,,,,,,,,,,,,,
,,,,,,,,,,,,,,,,,,,,,,
,,,,,,,,,,,,,,,,,,,,,,
,,,,,,,,,,,,,,,,,,,,,,
,,,,,,,,,,,,,,,,,,,,,,
,,,,,,,,,,,,,,,,,,,,,,
,,,,,,,,,,,,,,,,,,,,,,
,,,,,,,,,,,,,,,,,,,,,,
,,,,,,,,,,,,,,,,,,,,,,
,,,,,,,,,,,,,,,,,,,,,,
,,,,,,,,,,,,,,,,,,,,,,
,,,,,,,,,,,,,,,,,,,,,,
,,,,,,,,,,,,,,,,,,,,,,
,,,,,,,,,,,,,,,,,,,,,,
,,,,,,,,,,,,,,,,,,,,,,
,,,,,,,,,,,,,,,,,,,,,,
,,,,,,,,,,,,,,,,,,,,,,
,,,,,,,,,,,,,,,,,,,,,,
,,,,,,,,,,,,,,,,,,,,,,
,,,,,,,,,,,,,,,,,,,,,,
,,,,,,,,,,,,,,,,,,,,,,
,,,,,,,,,,,,,,,,,,,,,,
,,,,,,,,,,,,,,,,,,,,,,
,,,,,,,,,,,,,,,,,,,,,,
,,,,,,,,,,,,,,,,,,,,,,
,,,,,,,,,,,,,,,,,,,,,,
,,,,,,,,,,,,,,,,,,,,,,
,,,,,,,,,,,,,,,,,,,,,,
,,,,,,,,,,,,,,,,,,,,,,
,,,,,,,,,,,,,,,,,,,,,,
,,,,,,,,,,,,,,,,,,,,,,
,,,,,,,,,,,,,,,,,,,,,,
,,,,,,,,,,,,,,,,,,,,,,
,,,,,,,,,,,,,,,,,,,,,,
,,,,,,,,,,,,,,,,,,,,,,
,,,,,,,,,,,,,,,,,,,,,,
,,,,,,,,,,,,,,,,,,,,,,
,,,,,,,,,,,,,,,,,,,,,,
,,,,,,,,,,,,,,,,,,,,,,
,,,,,,,,,,,,,,,,,,,,,,
,,,,,,,,,,,,,,,,,,,,,,
,,,,,,,,,,,,,,,,,,,,,,
,,,,,,,,,,,,,,,,,,,,,,
,,,,,,,,,,,,,,,,,,,,,,
,,,,,,,,,,,,,,,,,,,,,,
,,,,,,,,,,,,,,,,,,,,,,
,,,,,,,,,,,,,,,,,,,,,,
,,,,,,,,,,,,,,,,,,,,,,
,,,,,,,,,,,,,,,,,,,,,,
,,,,,,,,,,,,,,,,,,,,,,
,,,,,,,,,,,,,,,,,,,,,,
,,,,,,,,,,,,,,,,,,,,,,
,,,,,,,,,,,,,,,,,,,,,,
,,,,,,,,,,,,,,,,,,,,,,
,,,,,,,,,,,,,,,,,,,,,,
,,,,,,,,,,,,,,,,,,,,,,
,,,,,,,,,,,,,,,,,,,,,,
,,,,,,,,,,,,,,,,,,,,,,
,,,,,,,,,,,,,,,,,,,,,,
,,,,,,,,,,,,,,,,,,,,,,
,,,,,,,,,,,,,,,,,,,,,,
,,,,,,,,,,,,,,,,,,,,,,
,,,,,,,,,,,,,,,,,,,,,,
,,,,,,,,,,,,,,,,,,,,,,
,,,,,,,,,,,,,,,,,,,,,,
,,,,,,,,,,,,,,,,,,,,,,
,,,,,,,,,,,,,,,,,,,,,,
,,,,,,,,,,,,,,,,,,,,,,
,,,,,,,,,,,,,,,,,,,,,,
,,,,,,,,,,,,,,,,,,,,,,
,,,,,,,,,,,,,,,,,,,,,,
,,,,,,,,,,,,,,,,,,,,,,
,,,,,,,,,,,,,,,,,,,,,,
,,,,,,,,,,,,,,,,,,,,,,
,,,,,,,,,,,,,,,,,,,,,,
,,,,,,,,,,,,,,,,,,,,,,
,,,,,,,,,,,,,,,,,,,,,,
,,,,,,,,,,,,,,,,,,,,,,
,,,,,,,,,,,,,,,,,,,,,,
,,,,,,,,,,,,,,,,,,,,,,
,,,,,,,,,,,,,,,,,,,,,,
,,,,,,,,,,,,,,,,,,,,,,
,,,,,,,,,,,,,,,,,,,,,,
,,,,,,,,,,,,,,,,,,,,,,
,,,,,,,,,,,,,,,,,,,,,,
,,,,,,,,,,,,,,,,,,,,,,
,,,,,,,,,,,,,,,,,,,,,,
,,,,,,,,,,,,,,,,,,,,,,
,,,,,,,,,,,,,,,,,,,,,,
,,,,,,,,,,,,,,,,,,,,,,
,,,,,,,,,,,,,,,,,,,,,,
,,,,,,,,,,,,,,,,,,,,,,
,,,,,,,,,,,,,,,,,,,,,,
,,,,,,,,,,,,,,,,,,,,,,
,,,,,,,,,,,,,,,,,,,,,,
,,,,,,,,,,,,,,,,,,,,,,
,,,,,,,,,,,,,,,,,,,,,,
,,,,,,,,,,,,,,,,,,,,,,
,,,,,,,,,,,,,,,,,,,,,,
,,,,,,,,,,,,,,,,,,,,,,
,,,,,,,,,,,,,,,,,,,,,,
,,,,,,,,,,,,,,,,,,,,,,
,,,,,,,,,,,,,,,,,,,,,,
,,,,,,,,,,,,,,,,,,,,,,
,,,,,,,,,,,,,,,,,,,,,,
,,,,,,,,,,,,,,,,,,,,,,
,,,,,,,,,,,,,,,,,,,,,,
,,,,,,,,,,,,,,,,,,,,,,
,,,,,,,,,,,,,,,,,,,,,,
,,,,,,,,,,,,,,,,,,,,,,
,,,,,,,,,,,,,,,,,,,,,,
,,,,,,,,,,,,,,,,,,,,,,
,,,,,,,,,,,,,,,,,,,,,,
,,,,,,,,,,,,,,,,,,,,,,
,,,,,,,,,,,,,,,,,,,,,,
,,,,,,,,,,,,,,,,,,,,,,
,,,,,,,,,,,,,,,,,,,,,,
,,,,,,,,,,,,,,,,,,,,,,
,,,,,,,,,,,,,,,,,,,,,,
,,,,,,,,,,,,,,,,,,,,,,
,,,,,,,,,,,,,,,,,,,,,,
,,,,,,,,,,,,,,,,,,,,,,
,,,,,,,,,,,,,,,,,,,,,,
,,,,,,,,,,,,,,,,,,,,,,
,,,,,,,,,,,,,,,,,,,,,,
,,,,,,,,,,,,,,,,,,,,,,
,,,,,,,,,,,,,,,,,,,,,,
,,,,,,,,,,,,,,,,,,,,,,
,,,,,,,,,,,,,,,,,,,,,,
,,,,,,,,,,,,,,,,,,,,,,
,,,,,,,,,,,,,,,,,,,,,,
,,,,,,,,,,,,,,,,,,,,,,
,,,,,,,,,,,,,,,,,,,,,,
,,,,,,,,,,,,,,,,,,,,,,
,,,,,,,,,,,,,,,,,,,,,,
,,,,,,,,,,,,,,,,,,,,,,
,,,,,,,,,,,,,,,,,,,,,,
,,,,,,,,,,,,,,,,,,,,,,
,,,,,,,,,,,,,,,,,,,,,,
,,,,,,,,,,,,,,,,,,,,,,
,,,,,,,,,,,,,,,,,,,,,,
,,,,,,,,,,,,,,,,,,,,,,
,,,,,,,,,,,,,,,,,,,,,,
,,,,,,,,,,,,,,,,,,,,,,
,,,,,,,,,,,,,,,,,,,,,,
,,,,,,,,,,,,,,,,,,,,,,
,,,,,,,,,,,,,,,,,,,,,,
,,,,,,,,,,,,,,,,,,,,,,
,,,,,,,,,,,,,,,,,,,,,,
,,,,,,,,,,,,,,,,,,,,,,
,,,,,,,,,,,,,,,,,,,,,,
,,,,,,,,,,,,,,,,,,,,,,
,,,,,,,,,,,,,,,,,,,,,,
,,,,,,,,,,,,,,,,,,,,,,
,,,,,,,,,,,,,,,,,,,,,,
,,,,,,,,,,,,,,,,,,,,,,
,,,,,,,,,,,,,,,,,,,,,,
,,,,,,,,,,,,,,,,,,,,,,
,,,,,,,,,,,,,,,,,,,,,,
,,,,,,,,,,,,,,,,,,,,,,
,,,,,,,,,,,,,,,,,,,,,,
,,,,,,,,,,,,,,,,,,,,,,
,,,,,,,,,,,,,,,,,,,,,,
,,,,,,,,,,,,,,,,,,,,,,
,,,,,,,,,,,,,,,,,,,,,,
,,,,,,,,,,,,,,,,,,,,,,
,,,,,,,,,,,,,,,,,,,,,,
,,,,,,,,,,,,,,,,,,,,,,
,,,,,,,,,,,,,,,,,,,,,,
,,,,,,,,,,,,,,,,,,,,,,
,,,,,,,,,,,,,,,,,,,,,,
,,,,,,,,,,,,,,,,,,,,,,
,,,,,,,,,,,,,,,,,,,,,,
,,,,,,,,,,,,,,,,,,,,,,
,,,,,,,,,,,,,,,,,,,,,,
,,,,,,,,,,,,,,,,,,,,,,
,,,,,,,,,,,,,,,,,,,,,,
,,,,,,,,,,,,,,,,,,,,,,
,,,,,,,,,,,,,,,,,,,,,,
,,,,,,,,,,,,,,,,,,,,,,
,,,,,,,,,,,,,,,,,,,,,,
,,,,,,,,,,,,,,,,,,,,,,
,,,,,,,,,,,,,,,,,,,,,,
,,,,,,,,,,,,,,,,,,,,,,
,,,,,,,,,,,,,,,,,,,,,,
,,,,,,,,,,,,,,,,,,,,,,
,,,,,,,,,,,,,,,,,,,,,,
,,,,,,,,,,,,,,,,,,,,,,
,,,,,,,,,,,,,,,,,,,,,,
,,,,,,,,,,,,,,,,,,,,,,
,,,,,,,,,,,,,,,,,,,,,,
,,,,,,,,,,,,,,,,,,,,,,
,,,,,,,,,,,,,,,,,,,,,,
,,,,,,,,,,,,,,,,,,,,,,
,,,,,,,,,,,,,,,,,,,,,,
,,,,,,,,,,,,,,,,,,,,,,
,,,,,,,,,,,,,,,,,,,,,,
,,,,,,,,,,,,,,,,,,,,,,
,,,,,,,,,,,,,,,,,,,,,,
,,,,,,,,,,,,,,,,,,,,,,
,,,,,,,,,,,,,,,,,,,,,,
,,,,,,,,,,,,,,,,,,,,,,
,,,,,,,,,,,,,,,,,,,,,,
,,,,,,,,,,,,,,,,,,,,,,
,,,,,,,,,,,,,,,,,,,,,,
,,,,,,,,,,,,,,,,,,,,,,
,,,,,,,,,,,,,,,,,,,,,,
,,,,,,,,,,,,,,,,,,,,,,
,,,,,,,,,,,,,,,,,,,,,,
,,,,,,,,,,,,,,,,,,,,,,
,,,,,,,,,,,,,,,,,,,,,,
,,,,,,,,,,,,,,,,,,,,,,
,,,,,,,,,,,,,,,,,,,,,,
,,,,,,,,,,,,,,,,,,,,,,
,,,,,,,,,,,,,,,,,,,,,,
,,,,,,,,,,,,,,,,,,,,,,
,,,,,,,,,,,,,,,,,,,,,,
,,,,,,,,,,,,,,,,,,,,,,
,,,,,,,,,,,,,,,,,,,,,,
,,,,,,,,,,,,,,,,,,,,,,
,,,,,,,,,,,,,,,,,,,,,,
,,,,,,,,,,,,,,,,,,,,,,
,,,,,,,,,,,,,,,,,,,,,,
,,,,,,,,,,,,,,,,,,,,,,
,,,,,,,,,,,,,,,,,,,,,,
,,,,,,,,,,,,,,,,,,,,,,
,,,,,,,,,,,,,,,,,,,,,,
,,,,,,,,,,,,,,,,,,,,,,
,,,,,,,,,,,,,,,,,,,,,,
,,,,,,,,,,,,,,,,,,,,,,
,,,,,,,,,,,,,,,,,,,,,,
,,,,,,,,,,,,,,,,,,,,,,
,,,,,,,,,,,,,,,,,,,,,,
,,,,,,,,,,,,,,,,,,,,,,
,,,,,,,,,,,,,,,,,,,,,,
,,,,,,,,,,,,,,,,,,,,,,
,,,,,,,,,,,,,,,,,,,,,,
,,,,,,,,,,,,,,,,,,,,,,
,,,,,,,,,,,,,,,,,,,,,,
,,,,,,,,,,,,,,,,,,,,,,
,,,,,,,,,,,,,,,,,,,,,,
,,,,,,,,,,,,,,,,,,,,,,
,,,,,,,,,,,,,,,,,,,,,,
,,,,,,,,,,,,,,,,,,,,,,
,,,,,,,,,,,,,,,,,,,,,,
,,,,,,,,,,,,,,,,,,,,,,
,,,,,,,,,,,,,,,,,,,,,,
,,,,,,,,,,,,,,,,,,,,,,
,,,,,,,,,,,,,,,,,,,,,,
,,,,,,,,,,,,,,,,,,,,,,
,,,,,,,,,,,,,,,,,,,,,,
,,,,,,,,,,,,,,,,,,,,,,
,,,,,,,,,,,,,,,,,,,,,,
,,,,,,,,,,,,,,,,,,,,,,
